3.692743240796791102e-04,8.749631162953506180e-01
7.328244026876851473e-04,6.260525593757069185e-01
8.211421451857264710e-04,8.260111674300876228e-01
2.247209932532810315e-04,7.688312779320842782e-01
1.056529835066604035e-03,3.104932455873582464e-01
5.589703572327681027e-04,5.055404816773669818e-01
1.166736262181934181e-03,5.998626228327956778e-01
1.861452508301317580e-04,8.328307745564351716e-01
1.757406106437062491e-03,4.796913929073535199e-01
2.307468270924718388e-04,9.433135202254886442e-01
1.182232220625160793e-03,4.677073837897959829e-01
5.771172584756109614e-04,8.921781820706453647e-01
4.099179385164745091e-06,1.146782048966692225e+00
1.055558115538399871e-03,3.481961649112870205e-01
1.260857214185572266e-03,2.805082440175987735e-01
1.085580590470370350e-03,7.576286177197144589e-02
3.919850385202267441e-04,1.106585943770105551e+00
7.586478104262870488e-04,3.576307998504836272e-01
1.793623980950954846e-03,3.343873154286384763e-01
1.109811436682155324e-03,2.718091403814513196e-01
1.363611137793745848e-03,2.821465336415086567e-01
6.846133282044116050e-04,1.357373176669999904e+00
5.104667030327373874e-04,6.156243857565011357e-01
1.096817120009955680e-03,8.512905627214754078e-01
1.053256554289150196e-03,4.807541739489769039e-01
1.041378504840178914e-03,2.303832688004115170e-01
1.340221003938508104e-03,3.018260910720096390e-01
4.220122962057025278e-04,1.216004423836965831e+00
1.306622458956723659e-03,3.403108522988874673e-01
1.853768886879722001e-03,2.480648387561786572e-01
5.280655833701378751e-04,1.629512610226358182e+00
1.272628325245353693e-04,6.723177967621351003e-01
5.167466696540040172e-04,8.425738573798580155e-01
1.300717450783517347e-03,3.193686877807208058e-01
1.648579611160432652e-03,4.340189654086216708e-01
1.821147798594296985e-03,3.781697388553192374e-01
9.022543839354059403e-04,6.472301362165219230e-01
1.590403435916800052e-04,1.330806444225277829e+00
5.350210911809002859e-04,5.167537888683583214e-01
3.161640452051275819e-04,8.299542950677658570e-01
3.056828959088445530e-04,1.042114306718056271e+00
3.515542433838754065e-04,8.507467911927170112e-01
6.784411379485464711e-04,8.165056960003802544e-01
1.360542497917318879e-03,1.443056277454841940e-01
4.830300634225595372e-04,1.231171890812443603e+00
1.016179182729037497e-03,3.462507760108001764e-01
1.206789385247782455e-03,3.084936599817021952e-01
9.798468217116385482e-04,3.545087958984538545e-01
4.267771197618394803e-04,8.573767617645946526e-01
1.149562591513399266e-03,3.983335028420030843e-01
2.927360958453737220e-04,9.216776935835365725e-01
3.825108821806240920e-04,5.458611783904309123e-01
2.377182680281889667e-03,1.035786169778925153e-01
2.203714112102831638e-03,7.323533566651776461e-01
1.438865710487007227e-03,1.675228245217845746e-01
1.117915130301182095e-03,3.105159629598680526e-01
9.949887075713665513e-04,3.194584062227214805e-01
6.651138791962575179e-04,4.575429647501903507e-01
1.015691524220132733e-04,1.115905213305827148e+00
1.991454552676579989e-03,2.313942743725015128e-01
1.031866172565182403e-03,5.556030439353433215e-01
4.426974086870584047e-05,1.439793865077530821e+00
8.036301379153735136e-04,5.293984335210381031e-01
9.246346475990735664e-04,3.558462094246762075e-01
1.772860302037872812e-03,3.367977317589269104e-01
1.178624296349188539e-03,4.437480141360663488e-01
8.569545879514297519e-05,1.185954339288552095e+00
8.453074040161788049e-04,7.150242120156528047e-01
3.898462223950624971e-04,9.584143107890225055e-01
9.901536276085373157e-04,5.698423615375579621e-01
1.206851869606500195e-03,2.327779600473119381e-01
2.938518448286280916e-04,1.066033795919421046e+00
1.850362926311474501e-03,3.471278273477270693e-01
1.296347358228704073e-03,5.497817764325259038e-01
6.028212416719102608e-04,9.171122550694217335e-01
6.093695652630819063e-04,1.046708385948508901e+00
1.673014911395861353e-03,2.013991004228423698e-01
3.587758238773363414e-04,9.807292907905814650e-01
6.849859421278069096e-04,5.705454074752346338e-01
1.636157876340177788e-03,3.681683357366692944e-01
1.161085488821626691e-03,1.078284504916490888e-01
5.161322493224519909e-04,5.410305902229229913e-01
2.104965908407671930e-04,1.579905464497533218e+00
4.551434014361066625e-04,5.550196358591207302e-01
2.948488076694184400e-03,2.950838219359271791e-02
8.140715702615701488e-04,3.635175996696503598e-01
2.241543553121922317e-03,9.254757844514641119e-03
3.261825083223864746e-03,4.169208630644506974e-01
1.921697959817902446e-03,3.129325205493784789e-01
1.220348601702857033e-03,4.476067652947150477e-01
6.114193647612143788e-04,6.105509914001172600e-01
7.723945071013808839e-04,2.625308223844209365e-01
9.229193759068420218e-04,3.892058186057422708e-01
7.739707471097643718e-04,6.867697923601722154e-01
1.730390972898212349e-03,2.123552258063880760e-01
3.168812164646172148e-03,4.101179865742252684e-01
1.906210210956081142e-03,5.336939841493173464e-01
5.370646480243445459e-04,6.100851591911121696e-01
3.316709163308270269e-04,7.661554550331273195e-01
1.315060559357705827e-03,3.362122648849037443e-01
2.090186863117221312e-03,3.595167278205674277e-01
8.860607836031301207e-04,3.148892275566252397e-01
1.119816614299659141e-03,8.449743884315217279e-01
1.666550911925272858e-03,2.339404756698787724e-01
3.425817528236929838e-04,1.075914399843593383e+00
6.490486880787928875e-04,5.293072466794752629e-01
3.148413650448359967e-04,1.252706879230040649e+00
7.312483550365304376e-04,1.145410901155920369e+00
4.450717225651537687e-04,1.862176714142965706e+00
6.184105269344914932e-04,5.365252075541225851e-01
2.460853082549708647e-03,4.417434293252124888e-01
5.454352527292991156e-04,7.203701288026883587e-01
8.894915737480920716e-04,6.620530086598995778e-01
2.966521359597049253e-04,9.138195633641378324e-01
8.731102143350400260e-04,4.226204574886979204e-01
1.241676470936617978e-03,2.127777533791956333e-01
1.826225356186611136e-03,3.343858531753531871e-01
1.651596927419709789e-03,1.535523223687579319e-01
1.274996596834820960e-03,6.009501347899509627e-01
1.925051854698835250e-03,2.466644440952006634e-01
9.338800779709251773e-04,3.754224850755474852e-01
1.705423501376893743e-03,1.060583018268974331e-01
1.719930642713884549e-04,1.265925795292125233e+00
1.868118580300246866e-04,1.424505466325028502e+00
1.146082390847876940e-03,6.893352369937090218e-01
1.734134717586612766e-03,3.880116675830533324e-01
1.133964199748889847e-03,2.125304736822044294e-01
1.212065449037267239e-03,4.329786623415946556e-01
4.316080978236233254e-04,6.009599288159791497e-01
7.587479427573196305e-05,1.699505977830949588e+00
1.364572853024843564e-03,3.352297943940368841e-01
9.926451321319569674e-04,2.490963225136954007e-01
2.359662636092387748e-03,6.322914323886242860e-01
2.223497305787824159e-04,9.764106093591188307e-01
2.714643788851995969e-03,1.551458204375197880e-01
2.726490920411922926e-04,1.140238947777109546e+00
8.230037765874032105e-04,4.469485389379980189e-01
1.207253733096273068e-03,1.931641801998723040e-01
7.972638255381472687e-04,5.689945248154038016e-01
1.086271067552103866e-03,5.545350901682906120e-01
1.713508808134978729e-03,4.949664820043807034e-01
1.473013325079536220e-03,4.103844466571941463e-01
1.385973198828676159e-03,1.074508898697905002e+00
1.698403276083780642e-03,6.414727022002196799e-01
3.787636930650409100e-04,8.652953602176791659e-01
1.335218762540374806e-03,4.387188803374987289e-01
2.039821338259438293e-04,7.989278464918971867e-01
5.617538616406025226e-04,1.012176916393377812e+00
1.948614290142403581e-03,7.318623233879267831e-01
1.228643186907153999e-03,1.385449966797374921e-01
6.530691754250287154e-04,6.032146351376572735e-01
2.005147401353419775e-03,3.101527886962724412e-01
9.919633725287350760e-04,4.995523406506334751e-01
4.541458835713140787e-04,8.049222259205504049e-01
3.624274484169598865e-04,8.461524313568763445e-01
1.552208481190265601e-03,8.709246484612059858e-01
4.939270251110154967e-04,5.022323797431942349e-01
1.138538134947914959e-03,3.345622848962817586e-01
3.094904365180674538e-04,6.798908000454169098e-01
9.166103256664742509e-04,6.674142662943990389e-01
6.303046799044941841e-04,7.885709168826758875e-01
2.830529950482712641e-04,6.633695515213583471e-01
1.037840928712173514e-03,3.517443839461025790e-01
2.264225869095496009e-04,1.805316944916268929e+00
1.412089685286224520e-03,1.695432991797090339e-01
7.893003258908335741e-04,4.736540557561820242e-01
1.484130451439834471e-03,5.698674206673105536e-01
8.915224524465467605e-04,7.560116460260054572e-01
3.836550612274518453e-05,1.404183653305519197e+00
1.488653585899750095e-03,3.785006604674714947e-01
6.868210904875015005e-04,5.425223976748767551e-01
2.034221590887831405e-03,7.703693730290356312e-02
1.088201033824724067e-03,2.152647392102058910e-01
5.665950387471611113e-04,5.757426754683592218e-01
7.602628592319574411e-05,1.323912728556989826e+00
6.536431560958174541e-04,9.679133943099407222e-01
5.453729437916859935e-04,3.570455368286171716e-01
1.717194745383358130e-03,2.612769308885241615e-01
6.240848293343049082e-04,4.768268251389912171e-01
9.538014753442479021e-04,4.143948549440979456e-01
1.722586339515556420e-03,8.592764900516677851e-02
5.173146739182430971e-04,7.553021973565138270e-01
1.025727777347810402e-03,4.060619859830082445e-01
1.768369935544523736e-04,9.273145028231197795e-01
1.323903028777657963e-03,2.371535560462413594e-01
1.444658356461234151e-03,5.192366469089909620e-01
8.583270525301063330e-04,3.729806680503391370e-01
7.126885658384532994e-04,5.094726961032822743e-01
1.374731733677030067e-03,2.212605169425338192e-01
8.691608041932970307e-04,3.494363466675110552e-01
7.735635517730144383e-04,2.801504516762450270e-01
6.094880612267572148e-04,4.708034539422336073e-01
6.507824090963046067e-04,3.954096537882164086e-01
7.329155670924014654e-04,7.581974936877786675e-01
6.346239757589193682e-04,1.334290024509875217e+00
2.372557728259967486e-03,1.283030985426582629e-02
2.110761572018642583e-03,3.915024323381731675e-01
9.320752901587109514e-04,1.014073132929995902e+00
3.813115741696648927e-04,6.268511217866301610e-01
7.155328549423450608e-04,6.966803124857836593e-01
4.976494489208617119e-04,1.069436823301894712e+00
3.101646559734638417e-03,1.275641695753619922e-02
1.623633223116175252e-03,5.405464679540389339e-01
5.534472811552166097e-04,4.857436316425569056e-01
7.917745829570779813e-04,6.721371598505223588e-01
1.109233061387092292e-03,3.148089716328229537e-01
6.986156895252064415e-04,5.990753298710884689e-01
2.210028748151454095e-04,1.269070104990685399e+00
2.306632233144631072e-03,5.213484605283974505e-02
6.185896166476275012e-04,8.337955856898003892e-01
3.212846146738775207e-04,7.221917034431200033e-01
9.700614914892588319e-04,6.506805342852773899e-01
2.019903452576278350e-04,1.290889496645887702e+00
8.870940049223220453e-04,1.232858393832047650e+00
3.790321502295987389e-04,1.345684786293941615e+00
5.140246708311196813e-04,1.162174139973562337e+00
1.812421849522975227e-03,1.054828655052449937e-01
4.328813587327088263e-04,9.591906311670144181e-01
1.078654566296495228e-03,3.515684084050056391e-01
2.712470787383344968e-04,9.517103272744981135e-01
1.541730659595055928e-03,1.579343242088820376e-01
1.324761826630349712e-03,2.291448717856532369e-01
5.044900917974695989e-04,5.122535043810038102e-01
6.386511827951647010e-04,4.582454376716128541e-01
2.066564516398152005e-03,9.527452613797730840e-02
4.821580727278365305e-05,9.893889741643927538e-01
1.358611117847280348e-03,3.097856667384255580e-01
2.163602881038024801e-03,5.205140225226253525e-01
1.699041505819823402e-04,8.850657755287766326e-01
2.912344158832951653e-04,1.151623314450137103e+00
2.213867678796954848e-03,3.512556826137659405e-01
1.333178842612937291e-03,5.060810873777147334e-01
2.115406114122286071e-03,1.267903542227253044e-01
2.697396076237201248e-04,9.556955218735897484e-01
1.660098965499754407e-03,1.255905750664566833e-03
3.915824261667256805e-04,9.176353144416411478e-01
3.430291893489799751e-03,4.331695716532442675e-01
2.266393021060719368e-03,5.236848790037804680e-01
7.540042109015089979e-04,7.354470904852713486e-01
9.963148991699367386e-04,8.523035948567522224e-01
9.479758856562094929e-04,8.087451970438416238e-01
2.799759869449027286e-03,6.018799061571102060e-02
5.739976580766067982e-04,9.356806606054253184e-01
4.174270686387780921e-04,1.073997918952921848e+00
2.512825294429532619e-04,1.090226058248109364e+00
1.634576580883389781e-03,2.239329261132628479e-01
1.656258526791850889e-03,2.676791457609591432e-02
1.263430796715934827e-03,3.595016246123696191e-01
5.123932777085705341e-04,6.899662006690797655e-01
1.130600343268476195e-03,1.626632002237206609e-01
1.088888293310212151e-03,4.631322123158679860e-01
4.268490486095832966e-04,7.384992833328737349e-01
1.218920588169219782e-03,4.841135560094725898e-01
4.073767454356890167e-04,8.084345497345529763e-01
8.463109148010065051e-04,2.907105952781329772e-01
6.594301122391679586e-04,1.211887590357322964e+00
3.954203835264249252e-04,6.803366959574712602e-01
9.724558169699967520e-04,5.507905902673473353e-01
1.746834520578983193e-03,6.313022090428297428e-01
1.948854176197403103e-03,4.769309645390186758e-01
1.878887070670894792e-03,1.188988429504745092e-01
1.037488471183103641e-03,4.636929991568124465e-01
1.215675591496565315e-03,9.996335789727810450e-01
1.795650429595375963e-03,3.107940746181085401e-01
6.341785227530554684e-04,7.907602947396620285e-01
8.204397825468207018e-04,6.331138315355375745e-01
1.832836567803657621e-03,7.005909423414832804e-02
1.151062203828177215e-03,1.606243587480591151e+00
4.525276290616665666e-04,8.905488134758330343e-01
6.786071974343331134e-04,6.145922849710897529e-01
4.004427280161027914e-04,9.797747649219320509e-01
1.237846154274092978e-03,2.036221873218890532e-01
7.032265582710742723e-04,5.199736615846900500e-01
1.925608328226412072e-03,2.076208704257185844e-01
1.704666196846111323e-03,6.133228710573063180e-01
9.414783253121630996e-04,8.109702937940024281e-01
6.490470190267454923e-04,7.890043820536342123e-01
4.847473150678232841e-04,9.251524516913696150e-01
1.439357594895089186e-04,1.441892215632922358e+00
1.860287914428655808e-03,1.032457566576181929e+00
4.796162869045592298e-04,7.724807098301574859e-01
4.779747398994428089e-04,1.031353114063317866e+00
1.215986768871614877e-03,3.228495035706287486e-01
9.187971559887594042e-04,6.615790617697989706e-01
4.810866565814516781e-04,7.287723259716554214e-01
4.586986255223146690e-04,9.748765968483573685e-01
1.664816127804758265e-03,8.537274787870398340e-03
6.879663187180009177e-04,4.264863105577094138e-01
7.234096331446335628e-04,4.689826823438604242e-01
6.670248168914136733e-04,8.558610977844003376e-01
7.121966727517189261e-04,5.026378897288301673e-01
8.307642782503375962e-04,2.502939970975777695e-01
1.978867099349308333e-03,4.261369277393580179e-01
1.253544864363698120e-03,4.088065798922292382e-01
1.120614282042112133e-03,2.288308120066253060e-01
4.672145150575006942e-04,9.830436043372802191e-01
9.497514494832166865e-04,6.097120761882611761e-01
6.775721763874101950e-04,6.843922738189520683e-01
7.591636811155417705e-04,9.380791949691378306e-01
6.708382580156458394e-04,7.973710113007898004e-01
2.425907439006551748e-03,6.675203170591452462e-02
4.296939379681932757e-04,6.517475660620112299e-01
1.046863510886778285e-03,5.291355858367300380e-01
1.596314872938886043e-03,2.664030288884882691e-01
3.496304346888862570e-04,6.955086112998702941e-01
4.878855136804208128e-04,9.262557675705679339e-01
2.059142140033451765e-03,3.013998863651436988e-01
3.777537455545297205e-04,7.558221702197290837e-01
8.918816158645909544e-04,4.374068050605117719e-01
3.785569993416376526e-04,7.852786845850884268e-01
5.758793422820493359e-04,6.255763061089690824e-01
6.811803797880915806e-04,1.139174760903700401e+00
1.772007416594108525e-03,1.351317363733712362e+00
1.578849550424133580e-03,3.968872831615571917e-01
2.891396458952104689e-04,7.677069546795902699e-01
1.316254077679233046e-03,1.093886102367020552e+00
1.251785912767989064e-03,7.120846929439037520e-01
7.239808786181042063e-04,7.008995680597400746e-01
1.832576901372922088e-03,8.092623159262658517e-01
4.416188559989905069e-04,1.084411419712079327e+00
2.469524543432609093e-03,1.591315915219465305e-01
1.110641418664940058e-03,3.364762367408655752e-01
4.571282370884754303e-04,1.014811243200827606e+00
5.316643954573165758e-04,6.011747956727321318e-01
4.976668426212863460e-04,6.016974298473594107e-01
1.344031662742180885e-03,2.461872362683965865e-01
7.687841021431394365e-04,4.257253790904149682e-01
1.547601987846839063e-03,2.471222999933514741e-01
8.365042077781671345e-04,5.222739061846916053e-01
5.846675438969235706e-04,7.028330848348304238e-01
9.035983502299774293e-04,5.013966142048699171e-01
1.160195102994526252e-03,4.372719550688601298e-01
4.729282512462933651e-04,1.907421082720568872e+00
1.421612925327030543e-03,5.561905799995420230e-01
6.322022072673298210e-04,6.951584227746697708e-01
7.335124984381807779e-04,4.406504385952013103e-01
2.037829452239746202e-03,1.901037797902407067e-01
3.026803397287570574e-04,1.059735837930514846e+00
8.005304338827447632e-04,3.614123770252537504e-01
6.904111926412766697e-04,5.535013216231371436e-01
1.443650550766480047e-03,7.626281401216765676e-01
7.789906232299902058e-04,3.254962691974205291e-01
1.532829153776526761e-03,1.790811032174497441e-01
1.448877283236898236e-03,1.968015464482565646e-01
7.505102020706375891e-04,5.884364321438921852e-01
1.501778710193911546e-03,2.792944968452126808e-01
6.188194621652022120e-04,6.732849011503574399e-01
2.959272049254720190e-04,7.963227191789031822e-01
1.143959761280982862e-03,1.464605737170848743e+00
4.035448500351114564e-04,8.213839323498389744e-01
9.712779946686830217e-04,4.595696238392328326e-01
1.510943668006395910e-03,4.646332706319372674e-01
7.179299352371530923e-04,1.078963414560564216e+00
1.039466949190596522e-03,7.137430877865659218e-01
1.659274933691102377e-03,6.932112342004861372e-01
2.821097544896051840e-04,1.306151544905344686e+00
2.497945116649165700e-03,1.968017279684849963e-01
7.639712310704629018e-04,8.669127647980107154e-01
9.578753428991518487e-04,3.279379521878463266e-01
7.090761597469393083e-04,1.033459275676976263e+00
6.940915329321407793e-04,6.804750437278883624e-01
4.337003969880579577e-04,1.194926219818678081e+00
8.665224948217686244e-04,4.728450857781807959e-01
6.976615265582781274e-04,8.181739468712544427e-01
7.502608329559818474e-04,5.308039885482734865e-01
1.803621255887560967e-03,4.476434718709533245e-01
6.070048538981521287e-04,8.070864137923275949e-01
4.588387098233912410e-04,6.720248016964819326e-01
3.086713315939956532e-03,7.442942026681691470e-01
1.398780637904976313e-03,4.298643477519334954e-01
1.240687800942269188e-03,1.145923937618119060e-01
3.361300344767276477e-04,1.312801595386901221e+00
7.664223528699052809e-04,4.383661442942398123e-01
1.367750932275826458e-03,4.129783554167873461e-01
1.093923689981659599e-03,3.150461950963588387e-01
2.286657287061005708e-03,4.866415196528947051e-01
1.689308012506536430e-03,5.760368470815523806e-02
2.874064914613744942e-03,8.544494533062205188e-02
1.289786184976909672e-03,5.063204105692854506e-01
5.934298921331292252e-04,7.062403527163974015e-01
1.168229670517188009e-05,1.667110966619761880e+00
1.072896350063871169e-03,3.799604217968193809e-01
9.055261011732857086e-04,5.169788851389212070e-01
1.165172116304392892e-03,3.565401575442498361e-01
1.558256977303733651e-03,5.018180498966496872e-01
5.251856017902038851e-04,7.433395759140890569e-01
1.375361381833014500e-03,3.310280504339471186e-01
3.341116948879338695e-04,8.902273787123365922e-01
1.635914011389655526e-03,6.029620691212633776e-01
6.148904918109709527e-04,4.621388455216691171e-01
7.329378464012964824e-05,9.078570520918087805e-01
1.234205666639045769e-03,2.933511595373192726e-01
7.944781555977412264e-04,7.887214250740610666e-01
2.310129292974014311e-04,1.203548129643896125e+00
6.603038096198856699e-04,6.638000453867648476e-01
3.937165618697278371e-04,9.797363427426858395e-01
2.899072840573253731e-03,1.378386541045027447e-01
5.820164176852000992e-04,1.131993939170624852e+00
2.747886485797464812e-04,9.483292548996465898e-01
1.546367543800728286e-03,4.569495779810292535e-01
8.770551383437328024e-04,5.756848900334275987e-01
1.171712842473464572e-03,3.394543060398892975e-01
9.291593068512268676e-04,1.277554846130569466e+00
3.252332038365003263e-04,1.191351163701185101e+00
6.764502050973411184e-04,2.989547852457120625e-01
2.261580150564120647e-03,4.179275698247901794e-01
1.362273519386178813e-03,7.512182959733181287e-01
4.642970708907750380e-04,9.237293156520720583e-01
1.890854746794934024e-03,1.030794671506808508e-01
4.797909203328354393e-05,2.660075112047664447e+00
6.048009003228130027e-04,7.067958938166780669e-01
9.558224129218076924e-04,6.520619102619510388e-01
1.603745778442429611e-03,3.180299312787481236e-01
1.246273326797860256e-03,5.993877307851498415e-01
1.908314671589314256e-03,6.761317696469794081e-01
1.366851362413307354e-03,8.948738629026422586e-01
1.245687050573338148e-03,6.128350396804874700e-01
9.471621282527845683e-05,1.361637959646067930e+00
1.008068001744766209e-03,2.429955663370785834e-01
8.415937598834765266e-04,4.912281497540957331e-01
9.025223121308651028e-04,3.504965756944972144e-01
5.142454116783475330e-04,1.027274341430653770e+00
9.478871101625791591e-05,1.063092786133506662e+00
2.705932101999306873e-03,1.478509703513660178e-01
3.094485704924923130e-04,7.541049257459419008e-01
1.616506413126116625e-03,1.439800065671283935e-01
2.066815477661935671e-03,2.163867505410301817e-01
5.777807630492464699e-04,1.224387565015871537e+00
1.550954275681158895e-03,6.869813452023397771e-01
1.661498459363628484e-03,4.945363184386359912e-01
7.165235455525041566e-04,3.782830169986852176e-01
1.380678666931842201e-03,4.557041475985002532e-01
5.100651211406810126e-04,4.419249146048513932e-01
1.693515524016948144e-03,9.388816321473704429e-02
4.558083304123528978e-04,5.883538070925252716e-01
3.396293205066896261e-05,1.426907248638756842e+00
3.863495981619618808e-04,1.952593214082108508e+00
4.869064172512330255e-04,1.220231185441210453e+00
8.909103985898157415e-04,4.274143407244290205e-01
2.024460843608691211e-03,3.311669777465161557e-01
1.293618158161136599e-03,7.707719389293372636e-01
8.750002343195840450e-04,5.846032286064682948e-01
8.008696458722651271e-04,6.559234141629277648e-01
4.102638366872724831e-04,1.046794229918420971e+00
1.947638998926285239e-03,3.514636242112537667e-01
2.268123718259238471e-04,1.121645636562675685e+00
3.253570578478359732e-04,8.207164594821362291e-01
5.781070673412201785e-04,1.329489548754782424e+00
2.234242212108441053e-03,3.457183888627839430e-01
9.891297086477804801e-04,5.154246360158578621e-01
5.806472371369576389e-04,7.283434981275646036e-01
1.576744851461349059e-03,3.961426376815590511e-01
1.292345336686223254e-03,1.489201639877679950e+00
9.058014327290273308e-04,5.493312671040649908e-01
8.483272873038691288e-04,4.085491256552868378e-01
6.222040867232574895e-04,8.091072405560143510e-01
1.467710494359247006e-03,4.363175183213358621e-01
2.961915660627394988e-04,1.064343746013190151e+00
6.939282425341583528e-04,5.501043368144878931e-01
1.052557595468929345e-03,2.302800579859870800e-01
1.885229704476302582e-03,5.077583152459419491e-01
3.586617412839676134e-04,1.416944387911172276e+00
2.171308986900178598e-04,1.330176303761341661e+00
9.046614091830414714e-04,6.700940663211921722e-01
4.137515999449492055e-04,8.081023619990522766e-01
3.692519340847712477e-04,1.451040901822116869e+00
6.739046634092803276e-04,1.438263566265147508e+00
4.880187045235136406e-04,1.047746663282907109e+00
1.656200617026486145e-03,3.358734705782981944e-01
8.049520106566080292e-04,4.468594398050524386e-01
6.199206856749529468e-04,4.855150873392095057e-01
1.158026388611702647e-03,1.876829774079225244e+00
1.165412068442879187e-03,3.494825951445371115e-01
2.112742877717773814e-03,3.628103820636146420e-02
2.395765362306237749e-03,2.348473932635190831e-01
1.722645712392730823e-03,4.917484746928100225e-01
3.488103099307953456e-04,8.398887451419356776e-01
1.972571350862137741e-03,2.310910675366634748e-01
8.780720622100903015e-04,2.074306399975977655e+00
1.165742957672718030e-03,8.115389673933192105e-01
1.393244418651126866e-03,4.341425997633740486e-01
5.339627011514255697e-04,1.137156652781812216e+00
7.883094881398310235e-04,6.474626393719131734e-01
9.134798006610987545e-04,3.576986752467747888e-01
8.126644968078589005e-04,8.300573842059307816e-01
9.238464528367512825e-05,1.423869114740810460e+00
6.319379197820220893e-04,4.053441586579514810e-01
8.818619111132710436e-04,1.337044327886068640e+00
4.063655806247137847e-04,1.831245917879000373e+00
1.099043557728963992e-03,2.617064134679403797e-01
3.765909703812944133e-04,8.072784331925747514e-01
1.288911786287875744e-03,3.650912424798885558e-01
2.570983962290305808e-03,1.123766562848349942e-01
1.886155708873984722e-03,1.269057882749344834e-01
7.024309746463407210e-04,1.919691594033349880e+00
9.220651973382969777e-04,5.788242885473463550e-01
7.493105568554814244e-04,4.941837744994687642e-01
9.848373440890262776e-06,1.192003473722735851e+00
1.263179879375397495e-03,2.658159875973716280e-01
4.585131505638525293e-04,7.245101330686088970e-01
6.660478139936014874e-04,5.545442654854584319e-01
7.070924477429001414e-04,6.076392717542684618e-01
8.143576023067919346e-04,3.592503465163414678e-01
1.173086535707094404e-03,3.672442850139363557e-01
8.891126099377557462e-04,4.676193209386231842e-01
1.833226604904892318e-03,6.109678722400199158e-01
1.717078377004721415e-03,6.978349993141854668e-01
8.385310979827444210e-04,4.005438942705275007e-01
1.555811906949411665e-03,6.864260920389545495e-01
7.184808469079204942e-04,8.814557009404851984e-01
1.238725798525178688e-03,4.389627064334111206e-01
2.009895416824556032e-03,1.919301326621585535e-01
2.027608337593877520e-03,3.553770011656202932e-02
3.818097824004621703e-04,1.234646393931526864e+00
3.228289671124342911e-04,1.069623168578693662e+00
2.070416969199294875e-03,2.581702434949295077e-01
3.737784952316383158e-04,1.343417676075057354e+00
3.487100431628325885e-04,8.457341199200486548e-01
1.536662694805541497e-03,3.112840331065910293e-01
9.995958581520173695e-04,5.156305212869002341e-01
8.842257031537678353e-04,7.046993788098551148e-01
9.174418884657473843e-05,1.708778340887333602e+00
9.160756433507956245e-04,3.673699123790043486e-01
1.434248383007383568e-03,2.677405428263976983e-01
1.432433480800378344e-03,2.991385740397964343e-01
1.696767653722395944e-03,2.289300230343298617e-02
9.374007190073602863e-04,6.402852916139659678e-01
1.364096544447792377e-03,7.436431162508458925e-01
7.017069655501458796e-04,7.837023635385098608e-01
5.586165962999524014e-04,1.044344993439753955e+00
1.536408304601294883e-03,4.402053623195573140e-01
2.420440487574244915e-04,5.736222905821189988e-01
1.068894662691922091e-03,3.358462934967724745e-01
4.290966462635885013e-04,9.102974849279940051e-01
1.830831103642508199e-03,5.528119241545385032e-01
7.264392714012614383e-04,7.930540888799511023e-01
1.033556098312127898e-03,6.272905682884992729e-01
1.188264484554364805e-03,1.175066882344266261e+00
1.731942857766242570e-03,6.602289874263402858e-01
2.136627355191135936e-03,3.211287533409050154e-01
2.123341481739597864e-04,1.389647144183642213e+00
4.076485021257474865e-04,6.632342123386073540e-01
8.022573117028085430e-04,4.722504160151934638e-01
4.988753900776872431e-04,7.293069520608659317e-01
6.238227356694533120e-04,5.613626498894568329e-01
2.114176384942134754e-03,2.741537478463746957e-01
6.201038185500326550e-04,8.537968358458071227e-01
1.893955827181790195e-03,2.663408617076964413e-01
9.396393540314949095e-04,3.687657630557473198e-01
1.246898849624350231e-03,4.959979562898499394e-01
1.873611903189163720e-04,9.684071879438849173e-01
1.016733711375014801e-03,5.552580309189960595e-01
1.737205155522858393e-03,6.282020607452081240e-01
1.710086101103897157e-03,5.870188081941408731e-01
2.665486753690099269e-04,9.271120457453410069e-01
1.367503322608191357e-05,1.083989982266653662e+00
1.815214418674755345e-03,7.102695030492932327e-02
4.056861009576916881e-04,1.025114572437472393e+00
1.815512991442994354e-03,2.935102845766299207e-01
1.561646426881628438e-03,3.931735988933826587e-01
2.935179390400236119e-04,1.045585164436355852e+00
9.782382590544965850e-04,6.666841924950278608e-01
2.900044422282276914e-03,9.685743266657410588e-01
9.785109098861823301e-05,1.001899263691045538e+00
1.859613589185419615e-03,4.644150781304846043e-01
4.113202357224253697e-04,9.504116302212685108e-01
5.343687127692724409e-04,9.875777961041616315e-01
8.496253098618450697e-04,2.622587860280171101e-01
5.841256676823317409e-04,8.172396570233423363e-01
1.586353033083423136e-03,2.572522799819374484e-01
7.955399677079765235e-04,5.254014877511012926e-01
1.535781974148401870e-03,5.143505112891271214e-01
8.170864302297219280e-04,6.106242904853113052e-01
8.946326311470365663e-04,4.185007532485458537e-01
1.844435554720619871e-03,4.606847449793362026e-01
2.755202395272421888e-04,8.532116232820763368e-01
2.425171525273760740e-04,1.100454539205949267e+00
5.123890066838472993e-04,1.095392404274986520e+00
1.295786463537809208e-03,1.709215326585230288e-01
8.735317747094391598e-04,7.324408933512245312e-01
2.434414324271166538e-03,3.651390667337014451e-01
1.010256556521297320e-03,2.822659213847978354e-01
9.556017722668481680e-04,4.347790078576696526e-01
2.424587950234661430e-04,1.162850412438972247e+00
1.377576888685748402e-03,3.215528758564554779e-01
8.240277956327467148e-04,7.339070013497297484e-01
4.413174592508488196e-04,8.682600691673058035e-01
5.475431784011139218e-04,6.015694875125101593e-01
4.122554506766893702e-04,1.138018861189989073e+00
5.046481840866004660e-04,7.259677492078444594e-01
2.029431029478591115e-04,1.241936306642662302e+00
6.129785300107480975e-04,1.028446914337473928e+00
1.517121014842644222e-03,1.341557832406526651e-01
6.275435638130212731e-04,4.331266684821371560e-01
2.168155329843260946e-03,3.667525512615584238e-01
9.847699192402727987e-04,5.274106046818035631e-01
5.149934089690849908e-04,7.398820766855430664e-01
1.587968735594404331e-03,4.167932906286935246e-01
3.882925614004992102e-04,7.366544578931025766e-01
1.747734444291176902e-03,2.448045852983491144e-01
3.012433427575391775e-04,1.175547503117753356e+00
4.701037552390941181e-04,6.770218973784225547e-01
1.364961556530803468e-03,4.397209528594147598e-01
2.846339415478968426e-04,7.221975643686526780e-01
7.907895966697132788e-04,6.964723859600574496e-01
5.747198189225224702e-04,9.770305322381004354e-01
8.070105648100265889e-04,7.967296842811517621e-01
5.346782033413777181e-04,1.584655231745392134e+00
6.294487614721611590e-04,5.729349318856937767e-01
1.094751005604155739e-03,5.202178717860115320e-01
4.842148965821222481e-04,1.258581589043090476e+00
1.239695526415623625e-03,1.229873664134439881e+00
1.312772123460402302e-03,3.166163055300209028e-01
1.133316644528579477e-03,3.055416501826691000e-01
6.452191991337068557e-05,1.265896085494172985e+00
1.092807208910193508e-03,1.279363323964603172e+00
9.247220061171376130e-04,6.696117958500762413e-01
1.405549649231468360e-03,3.913263944448187592e-01
1.308354836426135455e-03,2.542878445203192728e-01
3.914734823891104112e-04,9.096841243339270910e-01
3.701642606019728645e-04,7.643872151598670728e-01
1.062449801614618250e-03,2.665803203816458633e-01
5.419609937854375902e-04,7.068699784696362842e-01
1.492967200382793412e-04,8.647293287999426870e-01
3.924074336671834885e-04,7.723383242680590399e-01
1.561971154680522186e-03,1.168142557416504523e+00
5.016439341484867217e-04,9.294723480960729312e-01
8.719025437621235729e-04,4.864189549056177619e-01
1.660511538020347335e-05,1.254746262207302898e+00
9.318683724903414987e-04,3.795100628961856071e-01
3.014642442029891959e-04,1.076141340329073826e+00
1.611698388563703515e-03,1.751531269593710749e-01
2.818054654664312302e-04,1.083635677195048386e+00
1.409308092289633576e-03,4.061093095570916800e-01
9.293094305567296083e-04,5.230498993441941025e-01
7.087850950921715208e-04,4.763529554781484321e-01
2.543130367797328401e-03,3.169120798303978748e-01
5.413970058449937535e-04,4.646938008925879382e-01
6.979885221542380053e-04,6.686461293561355435e-01
1.759639873671855906e-03,5.656220537873462018e-01
8.690522502398728092e-04,6.944597021585354746e-01
1.767333418812715683e-03,2.279033350605561281e-01
8.234266656817301570e-04,6.900317465294636410e-01
5.741727667049945950e-04,6.938168132277630074e-01
1.037807574492263405e-03,2.120659838864948910e-01
3.481415926828199765e-04,7.965797951503518215e-01
7.081506339680376273e-04,1.718949312956460584e+00
5.095815198647937359e-04,4.819565070617046199e-01
1.214566864671839377e-03,4.036165653101341788e-01
1.743924333810012179e-04,1.335243375511895314e+00
7.250720466527220496e-04,4.271422623436788024e-01
6.497444246414864214e-04,5.409919741260954540e-01
2.490809122903758321e-04,8.453975296364056868e-01
2.330388462378479766e-03,6.046987236456496245e-02
3.149405578493529641e-03,8.831801341451953613e-01
6.880269249328679014e-05,7.855098281563278606e-01
6.990526739377619079e-05,1.537343566641754311e+00
1.109501731909518169e-03,8.904851056210786320e-01
6.018602462644683047e-04,5.730441335818104998e-01
1.207241336332209218e-03,8.424346231940211815e-01
3.252165491165592685e-04,7.112963722753129492e-01
1.249058042756003755e-03,2.426097641245751058e-01
7.532116670504502990e-04,6.019513636160322978e-01
6.309621311494705096e-04,1.069563633449419404e+00
4.781885165895969963e-04,7.405160025370773891e-01
1.604829875445021271e-03,1.192219546920834317e+00
5.326442973754260193e-04,7.107200374252178321e-01
9.532974821955473568e-04,3.370037131050425683e-01
5.173048322233747467e-04,6.947467570088099453e-01
2.467994556508867031e-03,9.668217995987660185e-03
4.039663688458811530e-04,4.686184298725142860e-01
6.693142872021253182e-04,5.291306372539616998e-01
3.940064935953951019e-04,1.881071370832556600e+00
5.054775781885043973e-04,8.695062627890539630e-01
7.198742803360941951e-04,6.365380590583403775e-01
1.781215549644508348e-03,1.697356329688464727e-01
2.010765561548001103e-03,3.846278342577411774e-02
2.220551072588946651e-04,1.108282115060468920e+00
3.538528784524118723e-04,6.323470949891216719e-01
4.559721471243499387e-04,7.131940438150340400e-01
1.506586972081945400e-03,1.855222794243735485e-01
2.957657182849097121e-04,1.353601802997189907e+00
1.296695718519344769e-03,2.771829930296758615e-01
2.639585651385561874e-04,1.142978520024877653e+00
5.129776094762231436e-04,1.020389037688349765e+00
8.206671046375084780e-04,1.309303596582954921e+00
1.046651986387080744e-03,2.288787871217896341e-01
5.429540275868561589e-05,1.019274216635786434e+00
8.823212718775984894e-04,8.529369032751795698e-01
2.063026508529305827e-03,4.558752003757547966e-01
1.310125151848751546e-03,2.105083211537132903e-01
9.830920253269806106e-04,6.618058889815571222e-01
1.482453888652333690e-03,3.624631334126683369e-01
4.721696360981392752e-05,1.861381711745737189e+00
1.102114285085358707e-03,1.130401238867996927e+00
1.375573830580113528e-03,9.589104365871730096e-01
6.800982617700794281e-04,8.271197600501123404e-01
5.650275584470620949e-04,8.372092728417850349e-01
2.276628320969064419e-03,1.629577300052137689e-01
1.577446961413314554e-03,2.043328786539778119e-01
5.880036429123036094e-04,4.423550831573061504e-01
1.346598312020929776e-03,3.276112703027262429e-01
4.055479074984969477e-04,9.326772535499819883e-01
7.744474257419442422e-04,5.326675706238830355e-01
1.201578658253337926e-03,5.502141095515061808e-01
1.798354855520859722e-03,2.177651077762959575e-01
3.541726765391379540e-04,7.915621823304330729e-01
2.859832482379372209e-03,2.680534458596368075e-01
7.902021213883363886e-04,6.622612050317546739e-01
6.208280694580826497e-04,5.746238389416846726e-01
7.790429932782438069e-04,6.621414482022570658e-01
1.820809591002357135e-03,1.041154910733798900e-01
5.478731528854141174e-04,1.061821827194269652e+00
7.397050898997973569e-04,5.811310015284189001e-01
3.671816600824936625e-04,1.769641441028652507e+00
5.325640400860846444e-04,6.739420938216700296e-01
1.010561281894504148e-03,4.878970259246407926e-01
6.529111719775631010e-04,6.169457971248213379e-01
1.927537192230077776e-03,1.100641997688676932e-02
1.105242491070439724e-03,5.117312752281871768e-01
1.643670058206049642e-04,8.915066581699554460e-01
3.400736579230581916e-04,1.208296154384255416e+00
1.375069014396253101e-03,3.667370563901706237e-01
6.056786668991868180e-04,5.427201319148928782e-01
4.189814764358280917e-04,6.678048858036962354e-01
7.095561575031699786e-04,4.910348686697419973e-01
9.562599730825463917e-04,3.808945528677430414e-01
6.044410945111000589e-04,7.419858842815988398e-01
7.047747594590572998e-04,3.756602770309388495e-01
5.578463699267143406e-04,6.280492798119501341e-01
2.126144549294404617e-03,6.963780495038428553e-01
9.999194932940353320e-04,1.188948059405151136e+00
1.005463330435348414e-03,3.705675538239374678e-01
1.574670147227265555e-03,1.898613836164295965e-01
2.906766019311881818e-04,7.389261483675777509e-01
1.297830296099387448e-03,4.271628993624340120e-01
7.588112781239706546e-04,5.108866400780356365e-01
1.388287145446460199e-03,5.175808431084512051e-01
3.007764679185555897e-03,1.055190336354124014e-02
7.403540761580508197e-04,4.490666620126513853e-01
1.308231416481904930e-03,3.181260992238060248e-01
1.532542581014460521e-03,5.590151446140965152e-01
1.175194097137471309e-03,4.255622186287031927e-01
1.043084562788587979e-03,5.053723155807654521e-01
1.301484955667467141e-03,5.673204178578994394e-01
1.318411191256072630e-03,5.501303043167953266e-01
1.416754509228255370e-03,5.188078840506857858e-01
1.380635828418847908e-03,3.473564216430791163e-01
6.223755265904154683e-04,4.571636221024183988e-01
7.056395315412743044e-04,4.673793799541090532e-01
1.236146753818530199e-03,6.676915902513557155e-01
1.037529749674205668e-03,2.714453886445818975e-01
9.908341554192554891e-04,7.442169578401898189e-01
1.063222628077276554e-03,6.070200671640775258e-01
8.451846149322928209e-04,5.539053794237677186e-01
8.284354504842178328e-04,4.025304863222122220e-01
7.262567831260096718e-04,2.298727419900769009e-01
6.794390251278466328e-04,5.721475042377276443e-01
6.945256074003204518e-04,4.708550794499421488e-01
1.379883673116125923e-03,1.080211668891346566e+00
5.451974805555163646e-04,1.017110296845046724e+00
2.434023243720485636e-03,3.636111718815281113e-02
3.999199325002264949e-04,1.030904358897265727e+00
6.221820631867404404e-04,3.995438998037268430e-01
1.742788700346140562e-03,2.415074865364429391e-01
1.528754375352129160e-03,2.695775632283577417e-01
3.634729335120193594e-04,6.370158501402863882e-01
1.549530726166152301e-03,1.747701824230611101e-01
1.706171805068681675e-03,4.670126409575532378e-01
1.175815975807272202e-03,2.700542408618489265e-01
3.175691236285760940e-04,7.284156840358013696e-01
1.389034041174629173e-03,1.918988568970596553e-01
5.348821696051901144e-04,9.143500470351262344e-01
4.666831878499215079e-04,8.354167854259791914e-01
8.013355410440713318e-04,3.553844249449781278e-01
2.388353341088120003e-04,1.129492976671419013e+00
1.793247512363025037e-03,2.873020631366616784e-01
6.497101999046311091e-04,1.061728167235837628e+00
9.092731208143704910e-04,3.034787815854853577e-01
2.035672187542193127e-04,1.369657482841954099e+00
1.162300472114262623e-03,2.013226349338904653e-01
3.580869245901570136e-04,8.034103341865900250e-01
8.597206080442335767e-04,5.101804883664848855e-01
4.643183974437987060e-04,5.836697651316931079e-01
8.008016253452993798e-04,6.272130163691623794e-01
8.742252004702757550e-04,4.104217107314117041e-01
1.180632223829254862e-03,4.362649010285346574e-01
1.081333087928929839e-03,6.016216794999319495e-01
5.589110422148048287e-04,6.283476754636502237e-01
9.031509192165672545e-04,3.966058764978229179e-01
6.132625691389005564e-04,5.127264818223123966e-01
7.404506266462500003e-04,5.610626250959414030e-01
5.946476249678978683e-04,5.891882586058463378e-01
7.528753453074659612e-04,5.288288356096937370e-01
3.100921686972644758e-04,1.001232320053920599e+00
2.389901377914856358e-03,4.360229111000369362e-01
9.551522518952077281e-04,8.861976794538829472e-01
1.096872274006679146e-03,1.658963841104634795e+00
8.396347183276181092e-04,3.512996954407839878e-01
1.743839138405429761e-03,2.913287255508489881e-01
9.569805014907891783e-04,1.021353053814054057e+00
7.340259080811122787e-04,7.966354379401024977e-01
3.043249498194258241e-04,8.478945509385436008e-01
7.164961258645196045e-04,8.984009550253559961e-01
3.914030455814097604e-04,6.523552231268289203e-01
1.050843396407900518e-03,4.830495240475998209e-01
3.206176297514666692e-04,6.625989510048455600e-01
3.874011855585373395e-04,1.387700895827517433e+00
3.229136116599453255e-04,1.175678113673604308e+00
1.191605680561435860e-03,4.624455342049886286e-01
9.424953321854662083e-04,3.424180606161470464e-01
5.672954106040710301e-04,5.998845869803455244e-01
1.251871497970593900e-03,3.101375271490366403e-01
3.261167554678079329e-04,8.638188726600618539e-01
4.367262258212748394e-04,6.583682390808065499e-01
4.740318808024129686e-04,9.573838217798769090e-01
8.658829743766566179e-04,4.350999220910729548e-01
2.822482973330841995e-03,1.648572716162279572e-01
9.527484211102788154e-04,4.699179898206977124e-01
4.920897193466603880e-04,5.205022132647305622e-01
8.229574007564660187e-04,4.894914566555084168e-01
1.864851488322437660e-03,1.469531747591517057e-01
8.922472433444007117e-04,4.786163782503662922e-01
3.792233934964073174e-04,9.456793202291787770e-01
1.765811868413388235e-04,1.061040919021105422e+00
1.061108983366139229e-03,2.785103505089425169e-01
1.882007349545811344e-03,2.061562680615176280e-01
5.609135230210949815e-04,1.388199479184150098e+00
7.736829974934197418e-05,1.514869576344256563e+00
8.910121863741984633e-04,3.499107506113337540e-01
3.438765852923277022e-03,3.146935004722620777e-01
1.075489864964810499e-03,1.335040301316777756e-01
1.087087359364254536e-03,3.867801187069239699e-01
4.184822822016497123e-04,1.294257218201732673e+00
2.210388037290080508e-03,3.317832862721123433e-01
6.818851604152419837e-04,4.974483498105934931e-01
6.426413714143959857e-04,5.382355656391232257e-01
9.657463118866918940e-04,3.411447730643689669e-01
1.847215604178188090e-05,1.854904805047215444e+00
6.259438154006082607e-04,7.967976301819668095e-01
3.599692567852018485e-04,7.903767887494842492e-01
6.335096406430050986e-04,8.085364796833504064e-01
2.573529904530139014e-05,1.315287400989444855e+00
2.629454834105748266e-03,2.195961741088054142e-01
2.736105749779517838e-04,6.376461627325783477e-01
6.216415519533629317e-04,5.720311110550129197e-01
1.331407625544087829e-03,4.192976710847093336e-01
9.482047203979985421e-04,2.523946497012102275e-01
5.226826020044081367e-04,7.188113579293474720e-01
8.357265354540955194e-04,5.263770901940624247e-01
1.049339159463824134e-03,2.810667926186233290e-01
2.361659741975009538e-03,1.844070128706566392e-01
3.146734945258380673e-03,7.466392650123840347e-02
7.623537283160375898e-04,5.100181676730719538e-01
1.487548442423252543e-03,6.062707366351663962e-01
1.423041397723139902e-03,2.527345873931791664e-01
7.962403552309851775e-04,4.195679266912623051e-01
1.432720537680474320e-03,3.267713153963162642e-01
1.395878941080038469e-03,3.681089342061021341e-01
4.475049623011524897e-04,5.798751024371288088e-01
2.718352812280960210e-03,4.060071780549768805e-01
1.088540571242460706e-03,5.869644279593051461e-01
7.209927299840398476e-04,8.821170540987224307e-01
1.639736554492106455e-03,2.897729936170986842e-01
1.201168805093396968e-03,2.935272128709723316e-01
7.663869140177180430e-04,9.776142958074250933e-01
1.199524177473510053e-03,5.687710749212924188e-01
1.747087606109577274e-03,1.187582088472948910e-01
7.224908947632718327e-04,5.748093752452720917e-01
5.726692855752043686e-04,9.629945645261941412e-01
4.786032781657124945e-04,7.329776649883777973e-01
7.785710040056687724e-04,5.615840542067263019e-01
1.788742914087482964e-04,9.225707635984838895e-01
9.033288113487892689e-04,4.507751987183742370e-01
1.242785536738193544e-03,5.381029665991594602e-01
1.032200246111897183e-03,2.407913767465882648e-01
1.179639238297723039e-03,3.538478381713580645e-01
1.653659348086717034e-03,3.286405030463406263e-01
1.184557134201591824e-03,2.092426951283802294e-01
3.201013088581047177e-04,1.445882065148306417e+00
1.169153633463277959e-03,3.831905005671862874e-01
3.365397869746721807e-04,8.331663143791659953e-01
1.066494563365046316e-03,2.786121276369200039e-01
7.744647683971073258e-04,5.868164111348365131e-01
1.927469058538059613e-03,2.677823399494964063e-01
2.243091652797770167e-04,1.096759219353456327e+00
2.020995857806977616e-03,1.964205086262252042e-01
2.393221157946323185e-03,4.570922999935814746e-01
1.773851405851579457e-04,1.496430656918088520e+00
2.169529338469654550e-03,3.142867629980829886e-02
9.111946767821724495e-04,4.715706984626252263e-01
1.560071374076391071e-03,6.223911962589502300e-01
3.770417944375998491e-04,4.844693709209783594e-01
1.462175417675673581e-03,1.796713590179002396e-01
1.758870211585420893e-03,2.035658330524167114e-01
9.676043055487020634e-04,7.736575122684430372e-01
5.566212007085335426e-04,3.223140001203633753e-01
5.834940653270498075e-04,7.995347806021168013e-01
7.067994740999049849e-04,4.687775498192131018e-01
1.668949950946538177e-03,5.962335106609241153e-01
7.504118451672655817e-04,6.803748172964834140e-01
2.049385800675090387e-03,9.073029387856243466e-02
4.524046542254562533e-04,1.647906481656853162e+00
6.698693700068958021e-04,9.189441204446981981e-01
5.163502063859460407e-04,7.466329591097480289e-01
2.264590519175443441e-03,1.681360564625670739e-01
7.652490843925099798e-04,4.545537343342396230e-01
9.068920630764289170e-04,3.446486182680422172e-01
1.651444826926932920e-03,2.664520674722826166e-01
6.729220599162298068e-04,8.510051998879301083e-01
6.620598102473287559e-04,5.796588959049164824e-01
3.333678416583203447e-04,1.066938778720709191e+00
4.948342154552529083e-04,6.116600104301070928e-01
1.195252348349204246e-03,3.395808559625387302e-01
5.244672475781448663e-04,8.231431567942764094e-01
1.156874327654249662e-03,2.446287821369174942e-01
8.738112162624277245e-04,8.373351379275582040e-01
1.816411665736943092e-04,1.030619442477278547e+00
2.041893754114012041e-03,3.239664411476608219e-01
4.546319467780125887e-04,1.235782788281930555e+00
1.008844093988901141e-03,2.622293464305820443e-01
4.246063150149865422e-04,1.125196017496320033e+00
1.130314155248524858e-03,6.932902541426548826e-01
7.041014094454266193e-04,1.708537874044614213e+00
9.592210935118691568e-04,6.603136595100785877e-01
4.282230612018541140e-04,1.109147522031766586e+00
1.936866551035645477e-03,5.009293755014418981e-01
2.103175278683509959e-03,8.546247547107871378e-01
1.328002632215001489e-03,4.497454657233221909e-01
9.650319641532328213e-04,1.943382932312830436e-01
3.001716309612453924e-04,1.114045770257316104e+00
1.638718171851647224e-03,3.784623239630871550e-02
9.787007992091121839e-04,5.000745932256456250e-01
1.710306479597801556e-03,4.592945955592314666e-01
4.575024553605149587e-04,6.303569859419272392e-01
1.624326694489681413e-03,3.498589074667345922e-01
7.682791025421915020e-04,5.626009571776844354e-01
1.277073580153397425e-03,6.986655563756998255e-01
3.742443012276188341e-04,1.534314654112173493e+00
1.497935058616872792e-03,3.520346091954856815e-01
6.480648613687088437e-04,7.292395664628943397e-01
3.737807537628377256e-04,1.144376295027543122e+00
7.083059428300436406e-04,4.256949092788646638e-01
4.630802371457738210e-04,9.395041482662340737e-01
1.453650639661195230e-03,9.486400846841717138e-01
2.658625134129324582e-04,1.897520893892217009e+00
9.805375532335360977e-04,6.330993945157209479e-01
1.182668784385532655e-03,3.602328972689997078e-01
2.649291936951932505e-04,1.306194378139774681e+00
1.340289983516480214e-03,2.579446420905027737e-01
7.685440513087942556e-04,3.681746807544594158e-01
1.643871415169745462e-03,4.057437667806661485e-01
1.887739432318396183e-03,1.930099080808738155e-01
7.458862224255054978e-04,4.199414576444282510e-01
8.728211679153878360e-04,9.610382173450345844e-01
1.382046467860832597e-03,7.235935867640932440e-01
1.458026254865512012e-03,1.533338149192103594e-01
6.009155053857410033e-04,6.010992437700347635e-01
9.967685862835985820e-04,8.425284565671539161e-01
1.660325599748063913e-04,9.891822878177906064e-01
1.716377328114671171e-04,9.949034096644387981e-01
2.609768929049916474e-04,7.927418441395961413e-01
1.475044846724074760e-03,9.130663090052381081e-01
7.995711881013748681e-04,7.060026004343888939e-01
6.728914365633875509e-04,5.142353123267923154e-01
7.961008001220297187e-04,6.610933377568608549e-01
1.932006377406875718e-03,2.515595494425842960e-01
8.096178205061875131e-04,5.200384617953414113e-01
8.684930973842313424e-04,2.299066307657040009e-01
8.837636222247775364e-04,4.715519722819472848e-01
1.324479198654265714e-03,1.611318499370253954e-01
8.082048630954027403e-04,9.180274194452873182e-01
1.326704732042836019e-03,1.019027286726439663e-01
6.955473870886098907e-04,3.988026104629855961e-01
1.620131944477139641e-03,2.418582265336143011e-01
1.259009924542211405e-03,2.827824722456850903e-01
6.478396032303165982e-04,9.873419821388236262e-01
3.353078714383463089e-04,8.891856172466769959e-01
3.518179652271685742e-04,8.075329187108909457e-01
1.767136482669824128e-03,3.443502976251607839e-01
1.185715854376911613e-03,2.135798453194089619e-01
7.576579429066289829e-04,4.082889275771440785e-01
1.262316926206556202e-03,2.113864524004299972e-01
9.222976609320761949e-04,4.697675852522257833e-01
4.515639249670806710e-04,6.995715681319478740e-01
1.346011887904683410e-03,2.592481667639205956e-01
1.718016205853434720e-03,1.573085072419358743e-01
1.728646380195783354e-04,1.035691790508263432e+00
9.685155555655129526e-04,3.265320345096354715e-01
1.218474449239203335e-03,5.407094118918746029e-01
7.094218124462553553e-04,9.005940565714926072e-01
1.274887890027573932e-03,2.226746834904361205e-01
8.245308334706106385e-04,3.073387356226516820e-01
2.055181791462319836e-03,3.482075847435290306e-01
9.957307228402180292e-04,2.642299882561638391e-01
1.281133403263634129e-03,5.355587125020868644e-01
9.326012552180605771e-04,5.281470727718312608e-01
5.196278129661096234e-04,8.239936633137349142e-01
2.615698268642030130e-03,4.756131372716745215e-02
1.199647681072689025e-04,1.186863774079192524e+00
