8.146742080752474886e-06,1.554409757044459853e-05,7.055233384843832001e-01
7.259862548729073264e-06,1.208712769364858440e-05,7.727716927295426030e-01
6.342414100204709596e-06,2.135480500005763679e-05,5.547281591461552530e-01
6.909846421495091649e-06,2.070930253380852922e-05,6.187166054156305606e-01
4.695982661934441782e-06,1.542333650538983502e-05,8.370558404870970248e-01
5.144219216773607953e-06,1.168118543142514220e-05,5.917266605518695100e-01
4.459392954002359502e-06,9.586079863409203218e-06,1.453405294357289768e-01
8.675327146099925938e-06,1.107059576570444017e-05,5.877763773976321104e-01
1.584467076064718221e-06,2.193343688689782200e-05,6.155407315711800553e-01
1.399162538379657294e-05,1.283117810374816128e-05,1.233849308417278801e+00
6.701770028966357925e-06,6.670115615322920607e-06,9.363789554533246129e-01
8.771360540805104818e-06,1.098876343476776237e-07,3.958713258394568335e-01
1.231580916841818621e-05,5.511818818416683220e-06,4.253579788232190739e-01
8.802115425511245709e-06,1.125733987968256511e-07,8.793896018685056770e-01
4.998150865111810698e-06,7.848652510264433329e-06,8.771753563584623326e-01
1.445004913476261073e-06,8.000835364073826200e-06,3.919851589545800818e-01
7.666761058350747023e-06,2.266083564417259913e-05,6.220381240182646376e-01
3.707015223423537325e-06,1.259534202650216953e-05,4.778748012732728645e-01
1.858305936140816895e-06,7.251863366893059303e-08,1.031336141936524814e-01
6.388894392805585852e-06,2.300479489461699305e-06,6.580576751966095150e-01
3.417150094802455396e-06,1.955125885298310173e-05,9.057413210557988537e-01
6.405081033664227997e-06,2.000590173947708350e-05,2.031661917343710599e-01
6.117972982639497329e-06,1.647762048507168026e-05,4.994492905154118145e-01
7.265371137379921113e-06,2.359872281914999998e-05,8.287672199470698109e-01
4.611429929398967819e-06,7.029311709214464291e-06,1.815674190594951942e-01
3.327672411239989318e-06,1.036528954843142129e-05,5.355183792880088278e-01
3.224231582100746504e-06,8.237305763164219085e-06,4.666728026352461312e-01
1.065829765323785103e-05,7.190399326852664977e-06,3.339505294037793948e-01
3.559178368037677760e-06,1.540729852911969499e-05,9.348990561873198324e-01
1.534155515820647187e-06,8.086836785153980579e-06,5.143761818770247185e-01
1.390863903910737833e-05,1.763821729390640223e-05,6.875897053890116517e-01
1.060489724081356333e-05,6.265122095726804830e-06,7.630448537704384027e-01
9.392721444306848007e-06,1.590487518213672122e-05,1.017738502705464398e+00
3.532528127888435199e-06,9.377428109545415101e-06,8.281441058380640818e-01
3.316501373910792223e-06,7.554124566371290734e-06,5.987630816576471338e-01
2.116902124423514024e-07,1.213118571334147556e-05,3.001537855546435041e-01
5.693411711705214444e-06,1.102596381103437693e-05,8.381539969735458673e-01
1.102738133927343647e-05,2.610241117743208035e-05,5.422835130833845163e-01
7.199396768085112599e-06,1.121244352141054523e-05,6.125055637968499500e-01
8.219294159244758542e-06,1.678040115390032545e-05,7.314847147623323442e-01
1.001930081638118890e-05,7.268366728968401073e-06,5.891800105763494999e-01
8.830840433598287996e-06,7.069939494753462245e-06,4.996230753094266785e-01
7.929414163284698438e-06,1.445229785665728184e-05,7.108835582369791295e-01
1.907421709297329762e-06,2.119427845281466344e-05,1.040435053423124145e+00
8.455548279701077403e-06,1.701790053415616638e-05,4.850174265240667637e-01
7.374183715323444570e-06,1.130998523888850130e-05,7.759795673157883211e-01
4.451478359959989473e-06,1.364130093856336920e-05,9.942986829533257964e-01
5.307243092013360061e-06,1.168383537702430959e-05,6.873154408503259205e-01
6.095021020344665859e-06,9.135341973359650315e-06,7.114691018022704927e-02
4.974193993849997007e-06,5.058733597753068361e-06,6.408200605536336081e-01
1.061706642289057967e-05,1.544917730501925261e-05,7.174938856525846509e-01
4.188099419298852161e-06,1.907671703964697595e-05,6.615586314365161646e-01
1.012794369577052284e-06,7.996475525109141526e-06,1.173957244439537639e+00
2.498035810289775624e-06,7.321799919994183066e-07,7.020855072631549953e-01
1.508774998829760888e-06,2.206233375780903847e-05,1.006651780791509632e+00
3.648602722815935001e-06,8.525074171151161845e-06,7.547035827488746129e-01
6.242482908180458032e-06,4.354402201576263637e-06,5.790880012401509180e-01
7.253459399730365897e-06,1.094787921233347201e-05,8.590325903100296534e-01
1.211413134342956902e-05,8.505944864987541592e-06,3.880684146221352049e-01
4.276455049999874477e-07,9.581580288455115408e-06,8.206647060406132566e-01
1.780113047931995128e-06,1.608599789601537175e-05,2.807722835097538061e-01
9.796472055815944394e-06,2.520026190287903895e-05,6.843403373862075867e-01
4.232529722512480933e-06,1.505235514420096449e-05,4.275423169703263526e-01
4.399982049401473088e-06,9.321014835689037499e-06,8.122938420342947774e-01
2.132846965725373333e-06,3.256718000861031602e-06,6.118294751904281847e-01
4.561275958017393067e-06,4.761611776939964972e-06,7.719097613420304871e-01
1.126634490878730006e-05,6.301841881566454285e-06,6.242952695047426781e-01
6.545680301719026231e-06,6.824877779352470363e-06,3.677406306001645420e-01
9.403276672353351980e-06,6.055075016126937899e-06,6.803879144383989663e-01
4.480609513039795327e-06,1.425606283462025368e-05,4.909193797214172483e-01
9.663621270678381461e-07,4.387655832415518171e-06,4.856557882238521362e-01
1.004605976706103264e-05,1.023727935824353731e-05,3.430970475893861948e-01
3.394597409669316429e-06,6.384156067497945034e-06,5.899775605875084983e-01
3.620803111353373337e-06,2.631025504163392388e-05,9.451074793567955101e-01
7.991668483444599324e-06,1.447547818863550660e-05,5.184000304498221912e-01
9.871241381682175462e-06,7.668479545769195019e-06,7.240413627597577229e-01
2.268934965680140444e-06,1.249880536763666487e-05,5.093455540176778928e-01
8.178353621114043372e-06,2.313361256780044979e-05,8.923451054905905400e-01
7.463159160190838267e-06,1.866681733165983869e-05,6.885687937662197111e-01
2.920945748569656121e-06,8.701204599927778131e-06,9.175758220872256565e-01
3.866003637548960657e-06,7.820253466087487363e-06,8.413328933377892671e-01
1.022820253691137998e-05,3.329640543416884695e-06,5.803802696558499896e-01
9.428167372158679355e-06,2.467146212881284232e-05,8.628474497254233766e-01
1.002499140086373631e-05,3.265888397784194629e-06,9.359389728001866748e-01
1.646041688648790415e-08,1.266422689671921267e-06,6.074261909778168045e-01
5.370134382734646967e-06,6.695571282121371046e-06,5.828207656940609382e-01
2.027845022020517611e-08,2.313143071507835211e-06,5.533128962897192471e-01
2.398422797956996446e-07,1.226192770958100605e-07,8.801848183029579165e-01
1.482934382652583106e-07,9.935045883665753347e-07,6.124839539983573458e-03
1.670706159100982156e-06,2.450002700558911954e-05,9.734732755734406551e-01
1.023733764223013226e-05,1.383749138624665256e-05,8.956533459888018633e-01
5.335677460509743986e-06,1.192924250729496673e-05,7.060261667973349864e-01
3.909311333805397382e-06,6.104417798181961236e-06,3.994085802852397893e-01
3.601814475160015605e-06,4.794757032036393845e-06,3.207474760066026942e-01
9.609472443291322743e-07,5.852766139299251011e-06,4.778133206372784381e-01
5.561378513181767453e-08,3.045601945389490685e-05,9.071325261445787325e-01
3.627760008691139078e-06,7.344065376844169439e-06,5.740013010140612160e-01
6.855869288634242447e-06,5.606535872345282099e-06,4.552581103832515907e-01
7.277010224327937894e-06,1.327998828699473091e-05,5.134918458029651411e-01
3.889646983522359144e-06,3.880775464420206384e-06,8.522737168565296395e-01
6.653680310353803406e-09,9.371209454790866981e-06,3.343899288952089099e-01
1.183862340963026677e-06,1.568213950484214673e-05,4.978804240483836185e-01
9.668111545029035099e-06,1.081746113263429662e-05,5.842679112476778513e-01
2.041178360285640154e-06,1.173602330794530476e-05,8.989535398299800528e-01
9.851474939736464098e-06,1.622823749295593932e-05,5.224823470730602937e-01
5.688194410591981869e-06,9.312703557628068885e-06,7.312438884119677462e-01
1.139356603070431666e-05,1.268021551619855989e-05,8.285644648979310078e-01
1.050262587407601748e-05,1.389343424178244568e-05,7.015288074681357289e-01
1.175833040687812510e-05,1.655639544712933229e-05,8.066001594212638404e-01
9.827046873040184288e-06,2.697904253252243560e-06,8.835379895863910704e-01
1.108780645378280537e-06,1.649706755461765285e-05,7.271845111560507613e-01
9.058020927631154454e-06,7.794215176757785161e-06,8.295029888217766434e-01
7.437018398009685972e-06,1.788683895134783657e-05,8.134775469416462013e-01
1.056729752616508265e-05,2.695283538772934559e-06,4.762564609623700096e-01
4.934711171975429087e-06,9.086416797142712128e-06,7.767371629617489948e-01
6.055499560480886200e-07,8.640014284643826364e-06,5.488588483316003686e-01
2.382575679724862672e-06,2.493759110850337076e-06,6.955465958260065307e-01
7.062347132919486874e-06,3.096285146777841805e-07,1.027766184283522621e+00
2.150158304192374437e-06,2.541632613653762199e-05,9.724411460016113562e-01
4.371900441348298920e-06,1.840003195264743967e-06,9.309018044323463803e-01
7.839689187418935230e-06,3.703392698216135244e-06,6.838727217132716252e-01
2.568097701772224320e-06,4.040530573760276813e-06,4.508901320147312708e-01
1.095189396466974878e-05,1.555119895024477820e-05,5.707640215658175142e-01
8.948134002311808314e-06,1.245909684464319092e-05,1.405662736154414394e-01
8.418111961885144776e-06,9.208825093553957961e-06,9.423699616181351324e-01
3.123014422034147721e-06,1.480436729363710337e-05,7.805845247740624826e-01
2.979778011690770406e-06,8.473102724847222217e-06,7.891071697565605891e-01
1.901385951269877281e-06,1.603887920904187238e-05,2.621270360158584611e-01
7.958262852475126220e-06,8.496310866035109200e-06,3.374588292438646664e-01
1.300318123917520505e-05,1.817318398417386394e-05,2.875376995696263260e-01
6.535915345516073079e-06,7.887479407056593471e-08,8.096324087424827676e-01
4.423286824961186861e-06,1.291770538974718975e-05,7.546762306628246320e-01
1.804064505834308136e-07,2.028339421890940045e-05,4.277170809901195137e-01
7.271492421091981107e-06,5.852682954185948815e-06,2.374866291720730271e-01
6.282870092207252181e-07,2.293743152175028767e-06,6.590800044070538322e-01
1.101643836319191101e-05,1.743421177528135885e-05,7.160006333700126291e-01
5.983477287125558930e-06,9.226171761860960093e-07,2.412925039491946588e-01
2.498803443641728259e-06,6.375388305345469389e-06,5.818480047275031986e-01
4.129398641220407560e-06,4.014392397993478488e-06,3.101844030988406553e-01
4.484412291705792332e-06,2.255782780475276570e-05,1.093658033152297815e+00
3.827901356790416908e-06,1.688218552189613313e-05,6.443658830925834691e-01
5.018280420354530301e-06,1.961000052737038652e-06,3.950050575342995973e-01
7.959432637563130473e-06,2.129843034839288909e-05,6.696848906364697429e-01
3.163678185995772619e-06,1.006350033000768641e-05,8.248774979520042683e-01
8.563296813692152136e-06,1.482325387870785506e-05,6.903577010948571679e-01
4.647944615781479963e-06,2.023880849575547726e-05,1.053847186069643893e+00
8.483953948813090457e-06,1.387815846637235681e-05,8.314089957506485273e-01
9.319639801678496636e-06,1.067374094215796280e-05,5.578745563219911219e-01
4.751598853407340189e-06,8.234890341316569388e-07,8.855650379116911664e-01
3.217839282586224207e-06,2.016981165202666874e-05,1.099534214780732988e+00
9.632799009645068552e-06,1.272572984040804522e-05,9.048929710947726246e-01
1.428315121136907157e-07,1.191048548811455487e-05,3.651073893167516848e-01
6.934985003497396813e-06,1.198342951398367220e-05,9.473082087747962676e-01
8.400041692734540281e-06,9.107580368465618024e-06,3.313578681856761410e-01
8.136605692250001829e-06,1.886085444381168641e-05,6.485695632333001726e-01
4.135469732504746450e-06,1.692291777223938918e-05,4.109219466586723213e-01
4.938548069766096419e-06,1.014676405014678384e-05,5.590477213227592612e-01
4.797241618215577913e-06,1.186316019140115088e-05,1.078472529408391223e+00
5.059162282380604051e-06,3.145121084839835288e-05,7.203548009976902256e-01
3.831287310083865560e-06,1.326068042880324355e-05,4.384149832382805423e-02
7.639808219974850598e-06,7.846756670720984848e-06,6.645741576881003532e-01
6.140407433916594545e-06,1.302913125212217411e-05,4.320577367887465381e-01
2.948278139134668716e-06,1.127175030676168862e-05,6.115205528777512001e-01
1.340849556529104765e-05,1.747197519213238148e-05,7.480256563115134094e-01
1.705832905119725856e-06,4.169947305105297159e-07,2.927900826814648361e-01
8.770184115508718233e-06,1.458224821927527344e-05,1.060997847943254691e+00
5.321285532085517099e-06,1.293797981645189472e-05,8.773714903525781095e-01
5.820891023590050541e-06,1.391659597114234535e-05,4.635215570886778713e-01
1.398851679842556220e-05,1.692553122019099592e-05,7.739753051410375173e-01
3.082958393591821193e-06,1.120525342304093649e-05,3.482843248125566116e-01
7.637142545768977770e-06,3.772291062905364983e-06,5.123824662130544993e-01
2.694540479058242174e-07,1.408287958105318671e-05,6.930011002285605404e-01
3.022229887936336205e-06,1.317066934621568713e-05,6.650382750578548441e-01
9.004994701535351415e-06,8.715343944204909519e-06,9.073221307487991938e-01
1.117455852960617101e-05,2.166672607714794876e-05,7.099146598971793898e-01
4.950123577772890165e-06,1.460728850418115971e-05,6.485273421788183557e-01
7.605186227615278546e-06,5.391147509600247576e-06,6.257914322279332087e-01
2.692067093217027610e-06,4.990930961760883677e-06,5.969169705948879079e-01
4.776910601038998853e-06,1.898311647533367861e-05,9.745177523998770353e-01
5.926713750588424101e-06,5.428989841574670267e-06,4.767477198088793666e-01
1.490213571958515544e-06,8.195440824436131535e-06,8.774347308608160256e-01
5.538659477950632993e-06,1.550635971407558379e-05,5.480823885816747953e-01
7.757130655220828000e-06,6.902422015065653630e-06,5.383456913773657648e-01
1.006920227977179142e-05,1.755026396623419219e-05,8.700435932568738595e-01
4.038403660387996457e-06,9.599580498544972259e-06,6.950504769873382394e-01
5.973085811568964654e-06,1.038602293573569305e-05,1.247647912310661855e+00
6.408059006449947557e-06,1.603870861011322878e-05,8.938239555037421624e-01
6.807546139644163704e-06,1.176062301944350250e-05,5.314225466291968569e-01
6.627719291892423617e-06,2.477120226403859659e-06,8.863958822628561496e-01
7.074029289681731289e-06,9.833252767322076994e-08,4.822202502927219747e-01
4.517450502340599323e-06,1.964314174327341073e-05,7.669496395312758175e-01
7.047942331632472968e-06,2.906511705910510909e-06,6.440596366078775725e-01
6.047475812869175282e-06,2.125590923569296422e-05,8.012190150946135736e-01
7.753791909836805414e-06,3.930282618030920653e-06,3.212016560151188527e-01
1.052640615833349828e-05,6.101520024689669207e-06,2.864385332512942028e-01
1.963745348247690305e-08,4.896812748381142104e-07,5.588729290224369040e-01
3.284162040472984240e-06,4.989637970896508074e-06,4.878101837110668804e-01
7.023103169526223133e-06,1.336105152931632075e-05,3.532157376637320434e-01
1.146773674027027910e-05,1.266959202619637726e-05,7.975393124789575960e-01
5.360838518594341582e-06,1.117917783196928457e-05,3.592972751824655697e-01
1.062923241068625959e-05,7.119588190887748260e-06,7.150485743379789705e-01
2.635761352674967541e-08,2.213707944877361909e-06,7.697525048919935386e-01
4.859705925760292994e-06,3.309520966293949935e-06,6.352633483844104534e-01
7.782863292778786538e-06,1.134416587207700591e-05,8.476321357980273197e-01
5.595479927092063767e-06,1.997296881816668359e-05,6.813640749312251943e-01
4.732029972877234390e-06,1.362565787505732340e-05,7.891310343586072085e-01
8.538911459913327523e-06,8.720619645454915133e-07,5.990263051043175357e-01
1.005134373019360784e-05,1.973072773156782267e-05,4.507645579110732270e-01
1.596712811605485715e-08,7.532067655195088142e-06,4.246961554649105186e-01
7.316371784351273967e-06,1.687890936458445778e-05,4.083658911180472750e-01
7.057876987881972490e-06,1.433876414498370785e-05,5.001501544504124430e-01
5.151191697102232396e-06,3.399687907319920217e-06,4.876571054017575513e-01
1.080428837670179075e-05,1.582563428327482714e-05,7.546841186674586588e-01
9.136271604717649512e-06,1.309221120311079092e-05,4.894052574840527248e-01
1.190298967273963427e-05,3.970559326260160019e-06,6.134490682462346856e-01
7.803378392346229034e-06,1.980049554752709212e-05,3.573171776867056226e-01
3.312485291097764280e-06,1.726785084836107308e-08,6.209487100249116986e-01
6.730605943342139950e-06,1.600968641521755508e-05,4.622736486226800556e-01
5.321550813832599705e-06,1.511361768321799526e-05,8.316999787617156414e-01
1.100869257022973237e-05,1.774662742701712289e-05,8.036616343306376420e-01
8.616321672510750109e-07,1.081282995782223286e-05,4.674378237954654458e-01
3.991662628172022016e-06,6.717781531355839706e-06,7.245712623959886800e-01
6.311121939334739462e-06,1.327301268181077608e-05,6.383941982234494494e-01
5.513340856372399077e-06,1.833903636490262062e-05,7.165718475732013593e-01
9.254947544485309424e-08,5.312455240843099125e-06,7.113751255110386529e-01
8.495644334102219635e-06,1.551714717814089449e-05,7.183963509558666249e-01
1.665864363276193317e-06,1.275069936761560119e-05,6.541607361838365220e-01
2.767604528926403634e-06,1.244776022857317258e-05,1.184634569504753543e+00
8.145498829792912699e-06,1.343204736635087025e-05,5.556261265998688748e-01
9.989360082787020090e-06,9.027591382653395337e-06,8.760059227766818779e-01
1.405383903999213082e-06,3.920264483499173869e-06,5.346238713802209386e-01
5.844590717408436759e-06,7.397333190195568688e-06,4.035632534113466896e-01
7.564945968582824603e-07,1.093943308449272497e-05,7.761823642392826628e-01
1.083074148450628138e-05,7.992866102631139726e-06,7.339283689704089175e-01
1.384380926266294966e-07,1.868377881637325690e-05,8.102156973298134668e-01
1.061787019161459566e-05,1.647836987597951880e-05,1.144667240461993085e+00
1.408230466407782520e-10,1.252365760295123768e-05,4.774701619861982937e-01
5.171270142714887597e-06,2.823855418504516577e-06,3.843803194553146452e-01
5.903207355221420526e-06,1.830790012340762635e-05,4.877527423975684395e-01
6.067667791113453390e-06,1.966382785148795790e-05,7.252516370952810654e-01
5.301876608782831096e-06,3.601123134912030002e-06,3.583588669073465849e-01
6.432439418776077499e-08,8.716455369405363382e-06,8.954800131549774944e-01
5.990961882291253454e-06,8.307421139563736843e-06,4.273654963632304571e-01
8.139790644729214819e-06,7.947722619905323363e-06,2.793003002809731350e-01
7.695791310268345226e-06,2.523775390728012289e-05,9.267930698118256316e-01
9.806604307945940037e-07,1.515076069967049658e-05,7.518645429311242578e-01
1.505823361775772472e-06,1.241690409931691083e-05,8.632730765908538384e-01
3.439047548325860483e-06,8.272009324925351417e-06,3.351551754287032114e-01
6.206173743559961746e-06,1.718504456073197841e-05,5.804702161178675324e-01
5.399314618982368062e-06,1.926664034931259671e-06,6.963945870927670256e-01
3.366020476908017408e-06,1.959289482184474237e-05,9.210240340539516124e-01
9.169109545841144603e-06,1.738388946882878365e-05,1.100772847525286480e+00
4.186074683702031279e-06,1.355914121408368359e-05,4.051833655233572640e-01
1.090587453444130692e-05,1.257476068353792868e-05,7.402064772943750537e-01
7.391986713935431946e-06,6.909184102595878351e-06,4.835403143123184200e-01
8.520926378757388690e-06,1.271690758974221141e-05,8.244496212107210731e-01
9.396652561311264634e-06,1.475002186459394959e-05,6.328174640179698995e-01
3.751822566773501308e-06,1.785697490979480301e-05,3.811734039124260454e-01
1.840746584053656796e-06,1.941734910060133941e-05,5.123405065093590283e-01
3.658373329019012621e-06,7.945345089171610098e-06,5.039150510140926187e-01
8.860909521375681839e-07,2.164035257275514666e-05,1.004357908113138853e+00
7.115379927665157416e-06,9.116718569604142242e-06,7.938338378344277357e-01
6.700485418976752539e-06,6.752722473854611613e-06,9.970140643053947149e-02
1.597534668389759542e-07,1.381239818279488670e-05,4.962553136635172168e-01
8.175239489919366683e-06,1.294136663932594007e-05,8.155665150622356530e-01
6.415581781316941003e-06,1.051360791093315303e-05,6.552246777056055516e-01
2.719530063600355212e-06,1.048477114460684438e-05,9.236075345047998209e-01
1.037900307435346176e-05,1.264066304861002948e-05,2.731228089768784617e-01
8.632701613104873880e-06,1.822012809742033079e-05,7.532311165582734613e-01
5.482781602072835740e-06,1.987545605672591778e-05,5.722462382274605686e-01
9.900601078965977139e-06,1.694893826081845652e-05,8.762167694284681563e-01
1.876869340259457771e-06,7.743905101751771665e-06,3.456663568170028622e-01
6.813594139509920075e-06,1.320896159177662437e-05,7.845420692478807245e-01
4.081451980031649907e-06,2.356246498217467128e-06,7.944520769870119237e-01
4.941439843575644897e-06,5.143138352509184684e-06,9.932711558224602832e-01
5.437212480693230998e-06,2.814661502841202636e-08,2.349435032806389823e-01
7.958810280677577182e-06,1.448577398448474165e-05,6.523326060274609040e-01
1.160345196806400201e-05,7.654941526377724434e-06,5.835184495598921828e-01
1.033279750901840068e-05,1.427262134593503731e-05,6.869508727578964580e-01
5.343699862275001848e-06,1.562529905723044675e-05,1.241587180845596494e+00
7.962641062892285561e-06,1.237022830883580250e-05,6.128006388670498295e-01
8.585968093891155554e-06,2.393625057309923247e-05,9.335255518294566235e-01
1.820398670649863809e-07,1.504818062495655621e-05,1.708384790496380451e-04
4.583366580457830971e-06,1.197925444328739472e-05,7.555960662605240019e-01
9.873126619958037109e-06,2.066663800644041526e-05,1.137310593268680892e+00
6.134860364715320298e-06,1.964601179452816806e-05,3.579134087214967397e-01
1.818020216467519530e-07,4.565587789427117662e-06,5.462627516122563476e-01
4.682840337974874334e-06,1.637372667460887060e-05,6.670748838438697037e-01
6.926446187433013638e-06,5.252484043369517205e-06,5.187810535899584075e-01
9.136738366524362268e-06,1.294692493706233296e-05,1.191060730610577156e+00
8.501941973588235979e-06,9.675167687295413243e-06,8.762263407938882809e-01
4.840164413443734540e-06,6.372065027083880642e-06,5.560042732161547541e-01
8.647612957380239974e-07,8.893026988763193082e-06,4.594693820617542501e-01
7.165242352384175101e-06,8.528650238276329554e-06,8.891077629442661889e-01
4.609499640673162541e-06,1.481205895163622412e-05,8.331065435408637754e-01
9.056241233937237478e-06,1.156548883008734687e-05,7.759519210432478387e-01
3.524307677236163031e-06,1.045552590072577471e-05,7.031365085727825370e-01
6.912470478098448255e-06,9.960272831568843158e-06,6.008136351603394765e-01
9.337847691983592528e-06,9.764756984242945045e-06,5.360177248638289260e-01
9.080937315497251221e-06,8.094044749121257363e-06,8.163303615524497570e-01
4.814518568021448821e-08,2.251157749739765207e-06,6.403916211349975907e-01
7.751799175384400619e-06,8.725570802329869898e-06,5.802538930984472154e-01
4.343756962391776638e-06,2.021594517094852192e-05,6.613602851127173832e-01
5.688018266372147722e-06,7.915711354757111692e-06,9.836616514481412166e-01
8.553127503023256806e-06,8.593715895648126893e-06,6.934545790758974704e-01
9.668252072042614261e-06,1.682407116159942350e-05,8.261876828054035560e-01
3.078016753208404943e-06,4.518936781637178378e-06,7.379195485862745096e-01
8.103066114176731813e-06,4.946091761401510594e-06,5.325766339842327168e-01
7.721306372628429745e-06,8.319279828606803608e-06,4.330388468682959680e-01
7.188464412589953312e-06,1.264308423244686970e-05,3.537135036812951161e-01
6.305220445570227393e-06,6.294448015108933134e-06,5.239689693104702117e-01
7.582624639854583564e-06,1.677864606206581549e-05,8.821232099412464889e-01
7.115341403261489057e-06,8.124296579573231090e-06,1.066005175715434961e+00
1.988024052466336495e-07,1.782429421175104551e-05,5.383826693387724349e-01
8.238305687633556453e-06,1.862441539750647889e-05,6.650547332099898679e-01
7.768193701728728204e-06,3.025062429514433636e-06,8.593156438373480421e-01
5.594546304709036681e-06,9.845674043654778908e-06,8.695313452009464372e-01
6.752040045886486260e-06,1.128088108403799139e-05,5.698492965104621222e-01
7.495346098822087172e-06,3.087850343175327859e-08,1.008852560291813694e+00
1.132629101438453104e-05,8.033211424573001222e-06,6.616246483293503067e-01
2.960246642916773348e-07,1.902333320953418103e-06,5.569398680732078333e-01
8.511238955461482072e-06,7.384560301474330276e-06,9.760425617346071281e-01
1.025120561495064925e-05,1.588773724255160960e-05,9.180290032814472090e-01
6.632360144380070955e-06,1.546940107610861477e-05,6.949929017665738007e-01
8.358662141395676939e-06,8.570266055530699310e-06,5.731356639848255163e-01
3.336452641223668572e-06,8.042833384688809174e-06,8.185843150461598050e-01
5.060135464553984909e-06,1.292090184182225262e-05,4.915898340803048772e-01
3.926905469257147216e-06,6.542988311214610542e-06,6.380995416837106360e-01
4.953997204542702419e-06,2.198188830531307080e-05,9.613332992228760254e-01
7.117892833102467071e-06,1.628209951777478292e-05,5.433110678832498985e-01
7.136115847285250787e-06,1.206127850542423846e-05,7.379593383658212824e-01
3.825029255591564995e-06,1.613419101331187917e-05,7.980691247519335896e-01
1.002710231110710362e-05,3.259885584716140568e-05,5.547811183614590469e-01
2.407812619982449994e-06,1.210721229771216489e-05,4.746904890322462545e-01
7.595748490148222613e-06,6.748693327664772958e-06,4.912355879802109415e-01
7.311438367194686230e-06,3.828234390855369087e-06,4.235642745151719790e-01
1.007973667274857910e-07,7.437302412354931998e-06,2.621220683435244170e-01
5.439567469559699070e-06,1.566905698899800204e-05,2.491126992422235675e-01
7.882832833906180972e-07,7.548674869181500139e-06,2.034678446919764017e-01
6.241436785403075028e-06,4.318417556976645685e-06,5.344271840874987856e-01
5.127394869405307962e-06,3.439460412830070505e-06,7.655645161793128706e-01
3.060346604584970503e-06,8.421543848803101999e-06,4.369613537557199834e-01
1.207440915429769008e-06,1.423703980013121957e-05,6.885047132692798666e-01
4.836791608513855136e-06,5.139307625024568291e-06,7.612408552314937626e-01
7.421008338659098508e-06,1.161415855254982360e-05,5.379676803845051536e-01
5.755039395989518108e-06,3.275689284059028372e-07,7.936420378783208829e-01
1.008376251768524902e-05,5.451969188761888449e-06,6.553468147958534384e-01
7.150263355432098736e-06,2.392997209527703367e-06,4.102156140377378191e-01
8.825066611838394600e-06,3.544965374857338704e-06,7.691673430114438492e-01
8.022162190310795334e-06,1.589737468306656260e-05,5.879775410694009219e-01
2.869653938269332140e-06,6.053318590825986737e-06,1.317476976419302281e-01
3.478799405962611766e-06,9.195685887407865051e-06,8.048112245043379520e-01
9.002645218409204497e-06,2.155112744556080245e-05,7.926721311724650443e-01
4.151797862593138925e-06,1.367757306981973197e-05,7.990228122543917566e-01
2.317787561091220946e-06,5.764198824354713451e-06,7.027718201756616434e-01
9.783795853422971327e-06,1.162875220293471313e-05,5.829415886507722799e-01
2.003125563558402940e-07,7.879365217124014763e-06,9.073666630286807422e-01
7.309942316909466759e-06,1.103541221639059113e-05,6.706463558718480655e-01
6.648453953572859499e-06,8.814290887592009238e-06,9.476027956108737937e-01
8.928287181285045760e-06,1.729878131589023709e-05,1.176736900466708313e+00
6.840989745004467870e-06,7.335178092888938449e-06,8.034951706119757286e-01
8.475070062566077625e-06,1.740984139677862781e-05,6.705377627785610306e-01
6.265533908058951962e-06,7.243230814766007182e-06,3.810788995096989207e-01
5.516309498175231172e-06,9.526232273371541709e-06,2.957668204914543630e-01
4.565478060081288256e-06,2.112321872404727396e-05,5.380908961595435303e-01
2.787320649689488868e-06,1.831180649714460199e-05,7.023696684760499798e-01
7.418616084012805347e-06,2.309248336976536722e-07,2.728637528360092768e-01
4.196086060351806859e-06,1.701399922915979756e-05,2.728068495823103290e-01
2.694467713836142938e-08,3.657136925162427150e-08,5.661080507216085245e-01
5.043625145345397514e-06,1.280705088705284638e-05,9.510601605237708478e-01
6.227774010250856710e-06,3.466492079794039957e-06,7.446317313864833087e-01
8.483453840592934518e-06,1.455491160925516132e-05,5.612012206735463860e-01
7.395755160771856614e-06,1.905896539789178140e-05,9.834236159719133008e-01
6.411988475130303729e-06,3.930004342456024262e-06,8.709412070571618258e-01
6.573354045809271885e-06,4.969178847675944816e-06,5.298324290052804919e-01
8.051251267126922631e-07,5.546514507184645947e-06,9.955915290495336301e-01
1.085020587456376292e-06,7.717180569384166414e-06,5.100640857119066451e-01
1.877523880877299591e-08,1.739000284908352593e-05,7.777459163516567964e-01
2.865628138625910272e-06,9.670381418119199476e-06,4.560430532902087775e-01
8.518451219569424699e-06,1.113957788596379069e-05,7.403765883615897048e-01
1.139930309795309500e-05,2.481443522013353244e-05,6.509022873546654875e-01
4.717536947099874104e-06,2.584811315250840206e-06,2.900461034923119685e-01
7.565401053713455775e-06,2.826166575963473426e-06,4.706504123822878860e-01
5.881299183389769857e-06,5.158720166650836333e-06,5.439695582728012457e-01
2.087852169694797811e-06,1.548339410661592029e-05,3.064215608538611302e-01
5.434216096219595348e-06,1.240929094318484525e-05,3.132209283220088181e-01
3.223507345917994398e-06,6.790854253821878219e-06,5.664532702526418051e-01
5.476339036355840366e-06,1.284011564100878837e-05,4.700907247482344342e-01
5.941584324798434742e-06,3.761988755917128010e-06,9.086609652019549399e-01
6.311433523629372576e-06,1.140284693449289833e-05,7.887540548956679665e-01
1.266850207101284136e-05,1.319167243337652446e-05,8.403387459464001230e-01
4.558161473622753172e-06,5.932945037512942170e-06,5.249686786965981344e-01
1.034876739234756325e-05,6.959264348661491509e-06,8.591533482449533743e-01
1.097473227128690361e-05,1.957476254670182064e-05,6.215302367773979375e-01
6.140756361603497554e-06,1.700960503569048633e-05,8.047656686717671315e-01
1.001306317574113841e-05,1.864542452572932348e-05,1.009780567721155320e+00
1.888548435574018817e-07,2.057554662578076344e-07,4.367391825549941098e-01
1.164241891855832677e-05,5.993480260587733559e-06,1.051847590404894950e+00
9.726997224393837594e-06,1.712127385038356668e-05,7.877912797194980277e-01
6.218786011693023555e-06,1.713312540998263622e-08,6.406564372716955225e-01
7.838028230318282245e-06,2.098965551890768450e-05,9.540226612683582186e-01
7.444613802663896520e-06,8.642987376013789731e-06,1.077362771710945077e+00
1.265085923746444057e-05,9.812013790710820391e-06,1.177380807338427759e+00
8.044568030600400131e-06,9.617532407535494399e-06,2.804144591539656783e-01
5.797003766634232057e-06,1.696940617050355838e-05,6.821315549057113126e-01
3.631006376780328775e-08,2.101690333383007749e-05,6.251929104184988928e-01
3.471435997636405446e-06,1.947028503881899266e-05,5.545223887989201295e-01
5.022853456222292307e-06,1.702017553499535909e-05,2.591284090149855723e-01
8.838640981855369728e-08,7.510606082974928537e-06,4.716086682910490824e-01
1.620233505288249098e-05,2.571302399093213447e-05,7.187680674335800157e-01
9.854587772389385028e-06,9.319787299852388623e-06,6.641778544806017370e-01
7.032146217969335422e-06,3.954978067440734527e-06,5.826806062425363697e-01
5.385724991257985563e-06,1.189718731117765798e-05,8.123744414227900279e-01
5.986101618417539704e-06,5.515400841402989201e-06,6.680494231023957896e-01
4.391509569419841720e-06,5.179693443066341074e-06,9.101608713594521172e-01
4.582347235002412009e-06,1.885133608709886523e-05,2.461257251360305931e-01
2.734672032103567594e-06,1.494243401174234909e-05,2.441463248510155337e-01
1.307010725430398135e-05,1.233115789920270986e-05,3.975659041276530803e-01
6.476984377580766832e-06,7.324832084391964994e-06,8.770764000533761706e-01
6.083641975937863662e-06,1.131269590962013103e-05,5.178639582631880955e-01
3.202856783485015200e-06,7.605648880007962892e-06,4.826302219603441079e-01
6.042216255844872726e-06,2.418106842465152191e-05,8.963872287532270722e-01
7.938715079072927917e-06,1.085277052599229846e-05,7.740130103354171676e-02
8.465742793533438708e-07,1.386795835652083480e-06,7.322732301700489721e-01
6.669673137622465168e-06,1.321891479217559846e-05,5.286546672099076138e-01
9.423383967163525035e-07,6.397539711999992594e-06,3.827454987013864107e-01
2.690106712317717482e-06,8.795487203341331578e-06,8.530974144665951497e-01
7.460318180037414132e-06,1.229163900645208310e-05,5.701729072192430747e-01
4.712853565059477198e-06,9.713771791311753778e-07,4.195304689890312355e-01
1.885787578961581504e-06,1.253463798570505102e-05,9.673311743808996610e-01
6.506182863957955988e-06,8.224767602077033847e-06,3.970040132561888924e-01
6.769296098301922101e-06,1.228435566150963395e-05,1.113107267787199817e+00
6.170383892401064010e-06,1.351317121342847938e-05,7.264960789446802680e-01
4.273947259733491015e-06,8.389681477608315715e-07,8.613202235016985675e-01
9.541087665708397847e-06,1.475320528006708346e-05,8.890797881996022056e-01
1.361178184005111933e-05,1.085128467080747339e-05,3.838540985774747116e-01
1.372400936578928669e-05,1.407899163850233009e-05,6.628387292445031553e-01
8.936318459177565674e-06,1.743551766283480697e-05,4.487014735982715607e-01
3.741691437875423653e-06,1.554233210560445556e-05,2.902321754327461534e-01
3.055754340639440839e-06,8.954493141263465350e-06,8.054803466835765979e-01
6.617631367819213773e-06,1.409271843047096336e-06,5.438480282603570526e-01
7.607882446651764424e-06,9.572394560517778316e-06,5.057076506673872096e-01
7.430544313934834230e-06,1.254984262007433277e-05,8.475139008952806696e-01
9.744300189649280163e-06,1.383423659478262966e-05,8.056120736844056829e-01
1.739324955646934769e-06,1.315017425221174478e-05,8.827988839803989629e-01
1.218650777295030569e-05,8.879979899824386392e-06,5.480293522318098187e-01
5.101708374008486309e-06,9.804620816054113785e-06,3.296291982441756918e-01
1.131036716743650167e-05,1.610628381206757163e-05,9.753720700065503513e-01
2.016164875959315659e-06,7.411488724140680597e-06,6.641663652737576085e-01
7.268983117882740305e-06,5.041419269099488298e-06,3.199973109301877949e-01
5.747931456086530584e-06,9.475831269513450839e-06,5.840151241199760257e-01
2.368140920399639916e-06,2.251802127414027300e-05,7.054683518938257292e-01
6.870838434977067551e-06,1.857338012928129301e-05,1.744305333790182599e-01
5.222071780668359036e-06,2.893622146853331353e-05,1.089930278090491145e+00
2.510702918195050247e-06,1.961313017891455024e-05,4.639197480182041811e-01
7.209146576646966000e-06,7.818384059782935695e-07,2.500180524752793620e-01
2.606551785644099596e-07,1.487126774697328313e-05,7.170276741393882824e-01
9.399286041552290495e-06,2.353613738395892477e-05,8.955787909558321491e-01
3.318297832005561862e-06,1.385306961653751470e-05,7.112773352110565162e-01
4.622033238599273735e-06,1.233321514604412832e-05,8.393925291126033139e-01
1.824181350477961151e-06,1.169633327810025477e-05,6.545210159093618474e-01
1.316968553513002975e-05,8.994436995546383119e-06,1.093628195964563288e+00
1.234543193904078159e-05,9.419805915104998594e-06,9.517860954511843108e-01
6.058396534560354448e-06,5.828054782389356298e-06,8.974744307529562981e-01
8.359221246894393668e-06,7.235586472961465267e-06,3.588734823825013853e-01
1.259939527775447484e-05,1.100029809725002775e-05,5.192647297603776302e-01
1.054925110336884148e-05,6.810483456469534475e-06,9.409778728851424523e-01
9.187146492349164108e-06,1.291692459778931032e-05,5.504872278518808670e-01
4.285593866617640839e-06,9.142258409327705103e-06,9.047124088618709870e-01
7.825120811694419683e-06,7.283211840804552297e-06,7.790465031378718264e-01
7.052840732278509937e-06,1.407632997160201914e-05,7.303612042226289569e-01
1.128279097369242738e-05,1.369325046268307862e-05,2.771643554234973772e-01
5.802850942746205620e-06,4.245391325484748931e-07,7.317141554479621446e-01
5.979730148116492327e-08,1.186097993573636151e-05,6.269339713353678789e-01
1.739068100097101433e-06,1.190728802475457430e-05,8.667461896240884478e-01
3.777295948811787847e-06,3.140395402428244697e-06,8.248576149596807960e-01
8.902462957808425276e-06,1.286927948555095066e-05,5.506118521223777318e-01
1.277244895504883242e-06,1.258698382443581594e-05,1.029275971688337066e+00
1.120461217833333814e-05,2.634678456395418675e-05,6.382871457195766762e-01
6.329879854237916447e-06,9.194705748654878784e-06,1.083987894998978074e+00
3.379675412150616618e-06,2.562120079627265603e-05,8.718266975282784603e-01
8.583960631560655678e-06,2.602910943668806210e-05,8.878105665441842209e-01
9.343736639043985183e-06,4.319713440348105088e-06,8.664474163965769637e-01
5.256899635661433697e-06,8.478938270478014950e-06,8.671484459353476781e-01
6.993707769405616307e-06,1.618421402300238411e-05,5.254524602109452713e-01
8.687401530929053981e-06,3.091936220339780835e-05,6.843530675250334427e-01
5.293151041963469647e-06,3.455979087700399346e-06,4.433464363119833385e-01
7.891644520497693367e-06,1.708545384811623031e-05,2.295002580150496685e-01
1.062407279197983981e-05,1.752397897073546855e-05,2.884609633586978084e-01
4.209431762774768020e-06,1.062024095238177414e-06,4.419368752255627419e-01
1.046197733067536529e-05,1.266660648478288990e-05,1.064478203341502782e+00
1.440055811097074731e-06,1.997308629547455040e-05,6.472675481393873609e-01
7.421616756007063009e-09,9.198419738348347506e-06,7.833737748342678442e-01
1.464514919616490199e-06,7.610171144857564887e-06,7.103715902533633830e-01
1.315244098857305134e-05,2.565035013237433693e-05,7.922299140899855541e-01
5.650025147299382063e-06,1.214121160790707930e-05,5.259008061986960580e-01
8.873632806658883045e-06,5.575935014598590149e-06,9.207120623386308989e-01
1.186858686797356873e-05,2.100771192864588180e-05,7.570346877427565069e-01
3.605230413325724733e-06,1.373055697442985850e-05,4.930908047231452040e-01
7.009768096462119673e-06,9.491981460305911038e-06,4.250117820065025254e-01
5.692011207806374926e-06,1.086443668618248393e-05,6.903888281717091013e-01
5.959406955685768876e-06,8.063594313534051930e-06,3.923421059758111507e-01
6.434265829705060895e-06,1.487784042165479000e-06,5.434072840913045654e-01
3.213402373169598489e-06,1.128282977632477722e-05,6.773023957635032621e-01
7.477909913184105019e-06,5.747063419047718416e-06,7.800757076161757286e-01
4.923305212413698304e-06,3.676556801098667881e-07,6.738304865277990885e-01
4.505113830726189988e-06,9.520205859997373779e-06,9.795566511167912438e-01
4.325751671194481166e-06,1.149215369496283316e-05,4.607835768271046906e-01
5.264104998572605972e-06,1.205202105664844365e-05,1.034097915569154980e+00
6.775968132566831086e-06,2.198197686819515568e-05,1.022220284142179692e+00
3.022866780792973274e-06,1.946620326619784896e-05,4.948710060111498610e-01
1.242577616631619003e-06,7.622249503998053153e-06,7.527921854540827740e-01
1.951239415439129398e-06,8.916366579214826064e-06,7.941725836215588474e-01
9.199531710955759591e-06,2.198324492355522870e-05,7.341973362516982515e-01
7.980111689579844444e-06,1.155516502463392549e-05,5.778431036113381714e-01
3.601852975008939554e-06,4.529914416134593768e-06,1.057943422658876864e+00
1.078220921100637089e-05,7.493110774806575903e-06,5.529713616908987772e-01
7.431116715746371189e-06,2.073521677411931579e-05,8.184862511133897955e-01
2.503654840816180550e-06,1.151841971692258115e-05,7.249274240731854446e-01
5.252510418515863813e-06,7.304628611569196863e-06,6.246734174083067304e-01
4.474993623343530078e-06,2.469954591856932761e-05,7.015636347092891745e-01
1.396144290029647089e-05,1.377061171453456319e-05,6.318835214936139311e-01
6.674075525617550782e-06,1.538270952396358218e-05,8.284575300070277093e-01
5.541755047249207383e-06,3.125408532286969893e-06,8.997826412009926056e-01
5.693889543901982195e-06,1.921999189121688884e-06,6.918608503289904732e-01
2.265361795860775584e-06,3.161719438005996296e-06,7.824457909323924154e-01
5.386435255095384688e-06,8.678627992049364352e-06,7.883758260921214234e-01
5.612045821441910533e-06,2.510860837507536818e-05,7.335559505153353976e-01
9.903205501211213437e-06,7.532862826414118594e-06,4.967076795540837364e-01
1.003950217760885145e-05,8.373711714281939901e-06,5.993934190114906801e-01
1.996049511810376494e-06,1.941385658153742695e-07,2.529643800461746639e-01
7.175802211571711294e-06,1.411363898292957040e-05,6.616332365700835494e-01
2.873610085171749435e-06,1.834450728196807218e-05,5.855243914220711332e-01
1.215310711955954895e-05,9.471983877040419532e-06,6.262331972957668746e-01
3.018780230272967667e-06,2.068969989753204027e-06,7.477074139656564311e-01
5.466164208136208023e-06,1.243147198900890511e-05,7.901836418478449531e-01
6.510671359270337506e-06,7.301801522754060419e-06,8.431104683671031275e-01
7.418314365974737667e-06,1.629926918123153208e-05,3.806172047081946008e-01
1.645327738522463663e-06,1.244142175510365676e-05,3.029342757387209484e-01
1.063688517414172256e-06,9.133048195137949556e-06,2.755719381450875138e-01
1.032532260791229303e-05,1.801126658230916612e-05,3.651405501394047182e-01
6.186042120193589431e-06,1.363945347334711041e-05,2.885746196205029590e-01
6.752678087734345778e-06,1.862337299423364169e-05,8.951745660912223679e-01
8.065048366602081369e-06,2.211609419480832387e-07,3.901121217539662567e-01
8.842796942203599175e-06,1.207740920091562769e-07,7.435019044229363994e-01
4.668707564412407417e-06,4.583669910492183906e-06,7.119570066336331493e-01
7.970403660873874677e-06,1.145054708188988678e-05,6.966499306289175575e-01
1.161430905928137826e-06,1.529402892606270301e-05,5.695080775360524816e-01
6.503362605681131428e-06,1.740105710345564959e-05,1.016713822031456882e+00
5.320531029780710199e-06,1.705546335784429658e-05,6.354082344433641394e-01
1.103818331134325223e-05,1.093529841895014578e-05,6.801484166821953892e-01
5.978484721451840801e-06,1.473167051166373268e-05,6.789322980821711484e-01
5.513074540602114394e-06,1.619355733308181785e-05,6.522929342776457862e-01
5.065782286717127068e-06,2.113850041511729591e-08,3.504628794963635663e-01
1.158806145484224234e-05,5.518915968304765116e-06,6.189472796091430862e-01
1.039765373742463773e-05,1.679811351517131003e-05,7.533872017223137707e-01
7.111813208061359369e-07,2.559529770193790137e-06,5.604728135148784318e-01
7.913183865317767078e-06,1.001998420549024062e-05,4.245350728118325034e-01
3.108453142335278544e-06,1.018422632315195742e-05,9.791479219642882370e-01
2.260939187207814753e-07,3.017633625086802774e-05,5.586518228203336545e-01
1.036136019880641460e-05,1.313358866020912552e-05,4.959530881615688003e-01
4.897644927161925958e-06,1.193127273975461055e-05,7.875876827209812303e-01
3.135549124668069485e-06,1.281533119837038699e-08,9.189590391169817352e-01
9.863986198377112659e-06,3.756659967093251667e-06,6.576446268837603526e-01
5.610802275940428940e-06,5.419949579973068001e-06,9.748028054625416106e-01
1.130003275993601985e-05,2.012749975717765315e-05,1.098612700878545789e+00
8.708874181008915871e-06,8.086487254425331800e-06,6.182953310129435387e-01
7.420775683875041942e-06,5.301323985655290565e-06,5.859221847104022496e-01
5.151539173022680414e-06,1.429821475217476228e-05,5.514936700611472453e-01
1.336244288766571114e-06,3.283229073687482087e-06,4.329130341987509900e-01
5.876577093691829837e-06,4.147749879903469374e-06,4.763470938190419446e-01
4.650013224083098228e-06,5.763498723152206407e-06,7.512030878946404089e-01
8.108117762939981454e-06,2.362654007071353182e-07,7.246254256229641699e-01
6.286295543217596717e-06,2.272055703918336771e-06,6.476950302240681578e-01
1.553796513766601247e-06,1.563097478787118445e-05,5.705318177837129801e-01
8.503168597425650652e-06,9.732016825482572140e-06,3.185167015203699825e-01
1.148018923882714708e-05,1.104371782877917260e-05,8.715065054501104358e-01
1.041439852880042023e-05,9.420315565438493568e-06,4.362337045647486367e-01
4.015981567711803197e-06,6.038659346354783992e-06,6.030166562820055143e-01
6.336139267618547953e-06,1.499526966201014204e-05,1.041932424755327435e+00
1.775838324444814224e-07,7.048437463093863306e-06,3.788572416435092571e-01
5.351052965646071685e-06,9.084041554988550493e-06,5.595809636176916069e-01
8.918198058290442471e-06,1.071132313813000952e-05,6.907207391303504807e-01
1.270016850866591409e-05,1.374170849596739048e-05,8.499021112091745822e-01
7.375422445947191773e-06,1.110127412185063321e-05,1.039633357753981580e+00
7.259441440561226120e-06,6.297115567070554942e-06,6.975805227055258406e-01
6.990406771459869558e-06,1.705541930499008743e-05,4.721992684740192736e-01
7.120072137836144193e-06,1.212519034584519361e-05,5.355331481170912955e-01
1.056992050983514990e-05,9.869485020547443736e-06,7.839122193476636413e-01
5.696526652741164120e-06,1.548399955017644772e-05,6.123246969321403110e-01
1.073671081589977091e-05,1.587155497368026300e-05,5.427094423813941804e-01
9.782268556689313079e-06,1.259664263080106582e-05,4.964954672520185963e-01
1.500621413887038886e-06,4.246104212651864615e-07,4.577079867781860822e-01
3.888040913714661553e-06,9.840880701555874968e-06,4.540914215937745246e-01
2.318596183121478865e-06,6.133630691400269308e-08,5.717469211455105116e-01
2.196545534560150787e-06,1.935199878501977960e-05,3.931350183487286043e-01
1.152649242458650524e-05,6.748431103571430776e-06,8.019702775207813161e-01
6.944430474612410921e-06,1.054187357473734926e-06,1.003116986871617655e+00
8.562656309765489930e-06,1.869217815587138938e-05,7.898532605364629866e-01
2.849849998446668542e-06,6.887616494212903462e-07,5.066420317403566020e-01
1.147534743541955688e-05,2.008842908910749841e-05,6.837547237130480182e-01
6.365343256997494864e-06,2.258010077160488101e-05,8.867837503247641973e-01
2.525308340110800763e-06,1.444522243408350649e-05,4.996623623256877811e-01
8.562942538957422239e-06,1.584859398589588119e-05,9.178617747812881644e-01
5.686393160067288358e-06,2.018963080303970449e-06,5.178547023637893876e-01
9.517194952433537318e-06,1.372292207950741052e-05,7.482434875924244277e-01
1.203908877275685527e-05,8.793105782554389569e-06,9.803387020382251515e-01
8.882192343554524649e-06,1.681340566384461778e-05,2.060711892885703778e-01
6.974478319949351680e-06,1.448127545984865986e-06,4.421658928656241327e-01
3.978675237120467120e-06,1.076885732906208332e-05,4.356295379500409459e-01
8.676705398778594981e-06,2.017407528368029442e-05,2.742052167306177068e-01
9.827860095426011985e-06,9.505436070331585294e-07,8.731550955888252030e-01
2.761387370569009703e-06,1.086313910268159045e-05,6.429919163631246937e-01
4.383440740933854896e-06,2.324767753640213316e-08,1.367725022946444935e-01
1.019302106982683264e-05,1.232142009629756812e-05,3.763211847926268838e-01
8.479146717434735223e-06,2.296418616113564255e-05,5.817396627382802610e-01
8.173018085321056609e-06,3.669769507502643780e-06,6.850244628259162250e-01
4.278208937436418996e-06,1.379813905907943093e-05,7.905537706374407003e-01
3.036659523199864093e-06,4.978569765050182023e-06,6.613989677717362348e-01
6.719671516791749461e-06,1.941929517906489471e-05,5.572535649698719951e-01
8.360371954661584553e-06,9.445514845197414567e-06,6.012152588521634256e-01
2.695136350930548675e-07,1.209393434767702383e-05,2.789677918611065399e-01
6.453115774574119712e-06,1.061942221539095667e-05,4.944430586214048073e-01
6.755483110520634609e-06,1.541820692307093292e-05,6.506724336735505432e-01
7.555603198230914820e-06,2.207422540750419114e-05,5.339997337360539165e-01
6.959014715864817999e-06,1.541728986833545115e-07,6.435056481069589829e-01
9.551269574505259698e-06,9.512018121656161409e-06,5.890709175346020565e-01
7.124801429239070764e-06,6.610575111299628480e-06,4.174841443979537270e-01
1.054706233251589933e-05,1.573163184166285501e-05,5.684701351907243128e-01
5.229171631295739812e-06,1.503025630421770589e-05,7.731686924469584055e-01
6.620950751328600055e-06,1.687483154976723374e-05,3.908512910257369577e-02
5.550316497989267836e-07,1.223662205616885797e-05,7.222904418793806292e-01
1.187857378339446192e-05,1.269082357932710526e-05,7.894766254330356503e-01
5.619918347904428674e-06,2.089176445711831923e-07,3.410383773962206710e-01
6.092275632990739505e-06,2.540340013649820109e-07,6.154930513170471240e-01
7.548175770715432811e-06,1.237822740767524145e-05,5.147590650642895893e-01
1.834175634924160030e-06,4.080620486777258116e-07,3.796296546551035100e-01
6.213876863366054979e-06,1.071934243912184348e-05,6.170349944730574299e-01
7.864902933608107209e-06,2.154694093844406673e-05,8.727171022675366263e-01
5.811632684768227917e-07,1.509186859490604285e-05,9.310415824660253081e-01
6.416215259001725464e-06,2.160359723672120182e-05,1.151121762874679710e+00
2.907254710561046172e-06,1.356895116476725124e-07,5.064310314591244921e-01
7.725065256689667902e-06,1.415647442665894175e-05,6.746372476286501829e-01
7.674591114036662047e-06,8.229981529839901984e-06,3.383691129815671328e-01
4.908125029310427958e-06,1.167924558083807143e-06,5.829408458530170867e-01
1.137465349468898230e-05,3.459434509609068781e-06,4.497527875207185666e-01
1.355770121448732450e-05,1.317596973941988202e-05,6.398291536106086586e-01
6.401635294638081947e-06,1.960944632621344335e-05,8.654695760478843258e-01
5.936880913493482637e-06,1.542506290049949831e-05,7.493547056934448669e-01
1.090697001041425860e-05,1.402264491531653599e-05,5.253420713962670963e-01
5.968810621668998288e-06,1.532949606664529285e-05,7.137899859460598018e-01
8.172003885990722211e-06,1.129427410476325259e-05,8.781601420292690641e-01
8.504064689715266543e-06,5.148031354659542743e-06,2.304345338615857164e-01
1.493400506194163564e-07,4.133541086676078686e-07,5.182046091035413804e-01
3.176609975466452762e-07,6.043695087490779479e-07,8.201900554127489196e-01
6.500628462210393855e-06,2.336702591835808853e-05,7.295869478614834813e-01
1.292143523310951530e-05,1.755190366359546912e-05,6.600589907686498226e-01
6.265437005301281633e-06,1.097033722157447134e-05,6.271533799361276307e-01
7.179211598869537503e-06,5.846933562904901673e-06,6.914007554137279188e-01
5.780007512408897394e-06,6.037560611709305350e-06,5.916344400672676196e-01
9.965236562756766517e-06,5.360794992309826049e-06,4.287449935292085290e-01
4.135270282530499714e-06,5.866095793250252209e-07,4.107716231017050634e-01
5.454244970916729026e-06,2.204590419944758809e-05,8.671880514137300100e-01
8.928399677273027866e-06,8.106741808555642461e-06,5.137145796808449960e-01
8.917901424988483922e-06,8.953569927395130060e-07,4.258250215263434946e-01
9.457538966579680316e-06,9.057050630225945109e-08,8.786009822308377126e-01
9.207528952339580941e-06,1.581814364155526443e-05,8.478649125753615623e-01
5.295004464173390411e-06,7.234339422342809892e-06,8.290963494953242918e-01
5.285045279162551380e-06,1.216707029918344519e-05,2.382459856687128286e-01
9.125802404257422183e-07,1.230753203462457526e-05,1.013561451067216179e+00
1.137185443518483478e-05,5.796174569005410057e-06,9.091625817001141030e-01
5.575971601250226514e-06,1.195496150552209026e-05,7.181640707866662199e-01
1.420100671303094059e-05,7.732455090835163911e-06,7.464588807291415717e-01
9.246565727795583734e-06,3.199555565847943399e-08,5.434793545840127527e-01
6.061164917348550023e-06,1.768840149272587995e-05,5.146550223701812365e-01
2.651863492441253230e-07,1.196749891090766425e-05,6.882535721914623261e-01
2.138106118163932083e-06,9.375757747552200492e-06,9.499331513236980440e-01
1.054423670181583993e-05,5.689691133893814414e-06,6.963251003548683871e-01
4.819208900775097879e-06,1.340125064410561317e-05,3.726810798970078831e-01
8.671294059354371520e-06,9.632256954182276835e-06,6.910468543547351183e-01
4.760399259193967312e-06,1.146139608948657868e-05,8.587142641312637270e-01
1.145811497943513168e-05,1.525331556272956689e-05,4.559795798429528979e-01
3.682174330455375851e-06,6.786931898569886800e-06,7.235070760497329667e-01
8.203417752484771472e-06,1.680682543350548385e-05,6.878677428946525785e-01
8.520838950303285926e-06,1.245578965589994761e-05,5.911079294682625163e-01
1.077226380603519122e-05,1.808265369774951294e-05,6.153595139940367664e-01
4.807192980252391101e-06,8.672989196999324386e-06,7.611358354567693274e-01
1.116365639394904625e-05,8.874985227025722307e-06,3.642197280762694556e-01
6.682131227786131945e-06,1.440563151813632822e-06,5.588356720149620926e-01
6.071510924456540217e-06,1.211791776507902777e-06,6.097923105525422383e-01
4.260728079091850165e-06,1.083798432936144976e-05,8.995883967535018844e-01
5.608121341353535407e-06,1.665453595561204445e-05,8.362562385991434422e-01
2.976670546058395623e-06,1.308308936670871152e-05,6.294822951954508472e-01
1.585727735498210125e-05,2.448029673187033668e-05,9.496872876798518881e-01
8.768747998522648390e-06,2.064879162350484157e-07,6.139645587017417139e-01
8.261635146017824149e-06,1.301821036205462710e-05,5.926034851804709014e-01
7.691389929862742821e-06,1.984294416073900606e-05,5.145037918173444025e-01
1.088576880284835701e-05,4.861635151119914132e-07,4.482220213629160011e-01
1.208652331485282485e-08,1.263319080101112663e-06,3.900969961217187754e-01
3.970688219657375163e-06,1.472698570163268565e-07,4.412246122481942034e-01
6.268355025030149927e-06,3.993324117750838465e-06,4.011190122660098778e-01
3.847319030263605327e-06,9.599804128855691867e-06,5.977093040229903842e-01
8.612254930070215953e-06,9.274280614625816382e-06,5.514625585930308382e-01
5.566875374717688307e-06,6.996780644979275287e-06,6.489350712803665377e-01
5.126585175343597515e-06,1.287198349219915143e-05,5.250838234417952721e-01
4.429903570196208157e-06,5.919453293425929363e-06,7.979540216912076600e-01
8.141095948451317776e-06,6.433833848817080264e-06,6.061375320987896220e-01
6.593246175262391467e-08,1.445977017575882118e-05,5.135469195806960929e-01
6.935676508563005280e-06,8.419154347935159412e-06,4.337848726208454742e-01
6.800772163874372730e-06,7.842382357922872814e-06,5.373907877184889159e-01
5.479303078933878115e-06,2.162020682009897313e-05,7.701261067791793646e-01
3.068524578674252137e-06,6.071320864401075272e-06,9.338536299645034955e-01
7.294289593643893724e-06,1.129619290727769482e-05,5.558596309862345874e-01
6.494230126598928341e-06,1.228872468631912024e-05,6.614685001756420712e-01
1.203519976058824783e-05,1.303991841799508549e-05,6.034876155806836451e-01
7.334391885161507717e-06,1.854737689590820759e-05,6.252644452457579716e-01
2.359425548016992906e-06,1.992715850645384663e-05,2.808185856228159749e-01
8.133327127711104018e-06,2.323401497081263633e-05,1.009205734760536766e+00
2.614482623126331876e-08,7.436423531128577468e-06,6.691891187657045270e-01
9.151249421742507561e-06,3.948958141481532405e-07,9.958589463886379223e-01
8.629307291721421340e-06,1.810540725134884168e-05,5.006741811349143534e-01
1.026161309211232651e-05,1.749608700456626773e-05,6.993957264606507351e-01
1.984454620562527381e-07,3.014131059543094765e-05,4.769184070110211726e-01
4.579315610161783309e-06,2.839209695577881259e-05,9.890146537907004154e-01
6.578713055576908035e-06,2.005847503136799436e-05,5.997998086297670062e-01
5.604427485702566119e-06,1.322689568075830788e-05,7.197838979381905311e-01
3.280789676914842832e-06,1.389875939420318510e-05,4.650694101655070134e-01
8.472541150232776690e-06,1.886986888076460408e-05,7.570353500281145065e-01
8.639412592641777138e-06,9.149661383355800460e-06,8.480634539001832284e-01
6.632346730169506444e-06,8.885226636697572000e-06,5.344552904099101331e-01
3.851175835064782117e-06,1.451174649603199033e-05,2.712147386698534612e-01
8.125939299777875177e-06,2.015841547747926322e-05,6.021366257954269274e-01
3.873685827831745071e-06,8.163507736265645587e-06,5.283215135100268744e-01
3.474764571405932154e-06,1.625368471216598240e-05,8.160051109926556023e-01
8.031491054455285338e-06,8.495750703718930695e-06,3.646755974523323562e-01
5.197424158972987763e-06,1.317263785491608750e-05,4.182715610957610242e-01
5.384292202532916431e-06,1.316656977139588202e-05,5.034960504995443786e-01
6.233806761752534349e-06,1.463847832478544459e-05,1.043160553345066743e+00
1.256947457223898948e-07,1.509828667580086370e-05,1.211309853083163413e+00
5.484459867904392289e-06,3.367178813113054164e-07,2.081940107252098771e-01
2.547466230258864984e-06,1.641174281120970366e-05,8.168805607816970182e-01
3.306563903819411474e-06,1.771529855530934276e-05,8.184287373971926849e-01
6.397908578881752580e-06,9.747035619447448282e-06,7.219921006325425994e-01
4.142952592367058290e-06,4.870914620724693771e-06,5.190283061057753278e-01
5.879031432567918276e-06,1.055381072529156982e-06,7.312477065857331260e-01
3.122550738374968564e-06,5.103085306983607014e-06,4.067603120774329617e-01
6.029156561368682197e-06,1.521139931313411169e-05,1.265945557118111298e+00
4.482927186636561391e-06,6.567796689003708511e-06,7.308119881891869118e-01
7.533590149619980592e-06,6.714805812696977647e-06,7.744105595920413032e-01
6.324731171029432995e-06,4.318066913558513982e-06,5.600166157019498270e-01
5.187940119633117603e-06,2.374431700986809866e-05,8.090810704053473801e-01
5.510935265531878625e-06,1.735852912157982537e-05,1.008746071589997850e+00
5.926865041555389005e-06,1.090772323527560365e-05,8.216251373328207208e-01
4.896598622815404873e-06,1.161920242986243019e-05,4.392152369524836564e-01
8.167761536277001145e-06,7.966953674398005112e-06,6.313240880981527692e-01
6.594741027067701229e-06,1.788568787302696706e-05,8.931657294934863822e-01
8.015304008578384034e-06,4.586093182295099564e-06,6.799220413810015406e-01
6.436856734339312200e-06,4.664655372796292175e-06,5.859675023934910465e-01
4.829190950697379019e-06,1.764650992319925015e-05,6.124840116346724761e-01
8.131822469623896401e-06,6.313381177088851419e-07,8.034782651443924673e-01
9.521593860332934549e-06,1.425048462092822686e-05,8.987054683360677920e-01
3.518940296320149177e-08,1.032750266482471123e-05,6.664834594138890900e-01
8.859941221593185644e-06,1.793351797962195216e-05,8.980555456731654784e-01
8.026454150209090139e-06,1.669912232639625621e-05,9.425995600554403220e-01
3.109955836829191223e-06,6.660271882965691106e-06,8.930620352787228544e-01
6.583344528286781522e-06,4.308014105418697606e-06,8.010571947482337807e-01
7.379667058858963810e-06,1.600550140251088719e-05,6.154630528519015042e-01
4.105213554829009707e-06,8.225222854020325971e-06,9.501463165690413604e-01
4.771193409904139347e-06,4.230464480415360701e-06,6.794212693114728419e-01
6.084925476902246420e-06,3.736312707760852165e-06,4.443584608032088434e-01
7.860722128444746281e-06,1.273673752051755080e-05,6.584960541838763559e-01
5.457933907996992661e-06,4.806615777858996881e-07,3.653620908978426618e-01
9.576931542316989392e-06,1.831544219284630086e-05,8.001651338744637521e-01
8.983827322109408782e-06,1.476007043603524869e-05,6.015526380003463069e-01
3.006176010222138329e-06,2.245770831036817813e-05,6.621648041155353548e-01
9.579660556705478931e-06,2.924351194903688201e-05,1.208815953857541148e+00
1.165446696929262564e-06,1.745426917231927328e-05,1.081703691433042014e+00
1.092941349576211393e-05,9.628846547492065586e-06,9.762129922330625709e-01
2.580411072320884701e-06,9.787565636215223838e-06,4.791932825071734126e-01
9.631227811578354505e-06,1.634709874550096720e-05,5.747166786799902116e-01
5.656516502409282410e-07,1.833190226274235464e-05,5.548488677032114014e-01
8.493144926786134420e-06,1.439038773859506404e-05,8.978581633148501329e-01
5.713564344015084875e-06,9.483299195070771351e-06,4.549151503987593492e-01
8.159326339802179060e-06,1.411710960445711447e-05,8.656575440210479977e-01
6.947656536700277161e-06,1.669612952330112589e-05,8.117970245724173139e-01
2.616463923369512149e-06,2.463713055616812192e-06,2.198355563249249911e-01
4.103259487078801443e-06,8.445048952253493400e-06,5.254885937573029464e-01
2.715613584489283533e-06,1.547961758857011993e-05,4.575042785643271825e-01
6.148023235894103362e-06,1.841875907660335082e-05,9.009921054698957210e-01
4.840166100229568061e-06,1.442219040636267398e-05,7.347870191492901215e-01
7.999263453741406346e-06,3.932043143271609707e-06,7.541249788228184814e-01
5.150369631811869552e-06,2.192884772066903946e-05,8.075219833545825843e-01
7.197737069320369280e-06,1.671933029921586662e-07,4.944138681951037451e-01
6.688413209259612364e-06,8.651028107463324743e-06,6.026695436916594817e-01
8.775271013519336504e-06,7.738878086916820047e-06,2.074483389231395747e-01
5.320718432505568996e-08,1.527957224696014203e-05,4.342977117794959985e-01
8.594341242526067098e-06,1.508407339470232327e-07,4.173434137060975102e-01
8.156186841637215218e-06,3.136487118571460543e-05,6.752360406176859398e-01
7.499861026004347656e-06,1.236818863113942963e-05,9.045793526079345392e-01
5.119170362162993812e-07,1.571311088682946321e-05,7.862766043349344036e-01
8.830242501146105219e-06,1.754559094150243649e-05,6.977069079127127260e-01
7.509435177823147111e-06,6.102266669441731820e-07,4.468229592705833531e-01
7.143907484758410381e-06,1.075532723528594983e-05,4.389712726635326412e-01
6.155176440663741834e-06,2.396351654932748579e-05,4.147857624916514441e-01
9.385453688167925024e-06,9.881899594175321634e-06,9.244112902548067279e-01
6.988431110311720261e-06,1.814208851263605669e-05,9.584269542463936808e-01
6.256113784822407307e-06,6.107528868839657488e-06,1.033688905396416002e-01
1.106497700290866915e-05,1.432190013019742505e-05,5.838833682052440022e-01
1.017130149135977209e-05,2.802232484432437561e-06,3.873201097881171506e-01
3.664152284313073672e-06,7.230173809295387497e-06,7.144528475983774607e-01
2.637594363601910023e-06,1.345537352794825609e-05,6.799845098240628882e-01
8.122070936985234998e-06,3.747843144659104445e-06,3.110791522855842484e-01
2.554180164840564241e-06,8.667630243989485618e-06,5.287325887785181422e-01
8.060180213887253924e-06,6.794634215530559679e-06,5.644622768476691421e-01
7.697353512210972312e-06,3.944733994952731617e-06,2.959015625956208928e-01
8.522942783137341352e-06,1.608365248557578099e-05,8.266298000900633713e-01
4.389905540378023473e-06,6.748581835437425101e-06,7.499011232626562329e-01
2.470500879163785056e-08,9.520522696419967307e-06,4.673248962002065077e-01
5.286102019440957628e-06,1.975575757992903948e-05,6.782485835266114371e-01
6.205540313186113616e-06,1.407666035648199226e-05,6.504616161545031527e-01
8.051113657693397872e-06,3.969820400470062605e-06,8.570477064233064102e-01
1.201974256122799967e-07,5.129254341190019592e-06,4.745013566786938086e-01
5.447840977684069368e-06,1.502302980743452728e-05,7.720231326475572864e-01
1.117194242364861121e-05,1.842691777364156193e-05,7.337539452514526550e-01
1.156411743267906598e-05,1.168284454388617740e-05,6.912193601894425221e-01
6.152820702770860664e-06,5.355021556784065607e-06,5.211039842569926694e-01
2.216221612601582386e-06,7.708695597436719603e-06,7.920409945666607721e-01
1.021582774366348772e-05,1.894470567789831848e-05,7.228643935761420725e-01
1.032600564124779137e-05,1.545113267222082329e-05,4.449440882566041422e-01
5.206188084975530167e-06,8.862390481882182844e-06,6.546963695258415372e-01
1.941075360546795678e-08,6.594908574304164588e-06,6.230378677979080404e-01
5.124124124738349771e-06,1.376249152185974183e-06,5.567981809679554139e-01
4.875778890164788830e-06,9.244614638553991229e-06,8.370405939561629260e-01
1.373894053678525752e-05,8.541884547863583406e-06,6.234636896710936682e-01
2.361935304989273441e-06,6.715538339274142812e-06,1.051371968084470643e+00
3.722564320948018654e-06,1.988705460957042727e-05,5.354718006453562662e-01
4.801570577926156204e-06,5.941952042255749232e-06,5.030564164235792335e-01
4.994999094243432957e-06,1.263595756657869485e-05,6.156358548424764043e-01
1.409552934476202188e-05,2.391188456012662510e-05,5.149149299070806540e-01
8.102872146830376394e-06,6.043530037958480713e-06,6.620518559522731161e-01
1.109831702933554951e-05,5.749478068672518144e-06,7.055233928454558434e-01
7.566206680916230629e-06,2.124123368650563423e-05,8.789045368088427290e-01
1.135651756677838517e-05,1.360600313160914488e-05,5.027669207664767770e-01
3.435045924547557119e-06,1.844101253775277446e-07,5.310352741550742328e-01
9.038229873510214926e-06,1.248453266358536337e-05,8.883458377149312524e-01
7.832260291180489605e-06,6.054933660850493035e-06,5.992967073066488570e-01
5.344646535740540122e-06,1.960645075946449171e-05,7.860852751830506024e-01
4.771194644938860426e-06,1.251632783256152109e-05,9.250155297692418399e-01
8.564409413372185277e-06,1.337084156567372986e-05,6.112794621523091054e-01
6.165270798508330968e-06,1.428043078564032797e-05,1.008190802019336640e+00
4.502473592582777736e-06,1.117297022256378617e-05,6.034328061808790222e-01
4.728850474491488824e-07,1.497570892900834849e-05,9.937218204556533818e-01
6.295215209581519138e-08,4.590656931045470090e-06,9.844661183142751071e-01
3.874413424897450157e-06,2.124182958207384477e-05,4.362613590584252243e-01
8.127320457588425824e-07,1.153321710111490516e-05,5.907837176104081545e-01
3.243866695944662783e-06,4.797529113516999541e-06,3.866036609063110419e-01
4.823978495186993874e-06,1.704786607098161529e-05,5.671515376125000341e-01
5.368662503635306877e-06,1.265476326350642044e-05,1.203718654094084961e+00
2.221035393652987816e-06,1.257126837901226503e-05,6.010123050253421972e-01
6.144690245903119117e-06,1.530507704946710423e-05,7.832537305884208489e-01
1.142992119826769964e-07,8.870667661392896174e-06,2.416359156566436350e-01
4.431881469803328045e-06,5.586220947399043836e-06,8.173474701110887697e-01
9.734991626352920385e-06,1.810786118052434864e-06,2.661513502531591691e-01
4.492803622391001638e-06,3.927026186052792985e-09,6.432969412980530377e-01
4.171208030347033304e-06,9.762115786944643728e-06,8.175556250196097663e-01
5.830065633135198787e-06,1.528598914806151055e-05,7.497198801194292495e-01
7.326052309212237390e-06,1.474601060047289177e-07,7.368431829109396425e-01
1.975196107242126186e-06,1.340771081576525396e-05,8.946414506099753527e-01
7.763709840788740143e-06,1.220266428214862707e-05,7.288959372250165547e-01
5.069324241826199383e-06,1.254266898455759791e-05,4.972130648079014503e-01
7.611603794059139943e-06,2.131476884634954117e-05,9.391486687126757715e-01
7.642641548880437221e-06,2.028675396078352767e-05,9.703678380065188236e-01
1.104901239336822975e-05,1.234840468586577372e-05,7.741333872504186919e-01
6.371529924959050964e-06,1.465718190045762821e-05,8.659542922201303172e-01
5.025819854718385200e-06,8.401538056844108068e-06,5.470562431656988966e-01
7.417870877163338315e-06,1.071022091150887676e-06,7.279726565755975098e-01
3.891146255514412082e-06,5.887794037286541137e-06,5.484304593609156120e-01
4.860228243253577661e-06,4.531137310017895838e-06,7.703379952227242811e-01
3.886540044242161605e-06,4.621519597905365110e-06,3.676365858747246973e-01
1.036252840305656497e-05,2.368879353337620316e-05,6.577792184057210667e-01
5.499306084937795555e-06,1.120655255841050483e-05,9.458022480261918385e-01
9.501730369714797087e-06,5.325485188539755796e-06,5.968241807322242076e-01
4.173105056651706762e-06,1.073363845092553888e-05,6.842265746962749029e-01
5.168982461976215412e-06,6.023662317605328729e-06,6.815349270572775842e-01
8.905633859855796372e-07,5.574385263076621705e-06,5.468943088432964839e-01
1.208862305646059149e-05,1.075223624337920185e-05,8.404292990484001358e-01
6.412852615917265317e-07,6.996709548307938594e-06,3.322993144729751713e-01
6.270822901967987049e-07,9.268397072551739081e-06,1.081598344142562951e+00
1.371920948316958920e-05,9.079278832628201053e-06,8.711535461232022826e-01
9.124307176358444248e-07,3.246843514863864409e-06,9.078969749216103668e-01
5.460051523168446105e-06,4.399756744636633774e-06,2.960217035031738053e-01
3.032507192426316360e-06,1.105114120257012699e-05,4.591383718954655802e-01
7.367467377579645725e-06,1.282719192262232687e-05,6.589400510359126883e-01
2.880368068178099460e-06,1.704897722528213018e-05,1.015798545650691942e+00
9.143179071233609540e-07,1.489737075689182160e-05,8.253731580844658744e-01
5.846135157304294229e-06,3.798906351829702249e-06,5.886336846796998978e-01
5.663228098447061778e-06,1.460767028225311664e-05,7.769262895201869412e-01
6.521522281869861315e-06,1.356022978497274093e-05,4.801111114206166319e-01
6.148565438666496425e-06,1.908639184084733614e-05,7.199083027320047901e-01
5.771562178571237067e-06,7.247040797740850486e-06,1.002168457863356288e+00
7.385536906372839019e-06,1.407298767047780296e-05,1.002506028103757441e+00
7.069795910132451538e-08,7.212349267504068097e-06,7.132342534222856356e-01
9.115720594129647479e-06,6.998656800805765081e-06,2.597373041143858363e-01
8.115012010444531748e-06,1.413819530778518899e-05,1.026598822521288534e+00
7.011936155009809187e-06,4.853310837917018203e-06,5.106381438916735016e-01
8.637016283396291505e-09,1.108569892061814422e-05,5.821643050699611965e-01
7.346905376677132468e-06,9.077430753917879386e-06,6.215881934996758673e-01
8.125903827585419202e-06,3.674750846852513831e-06,9.285136785650226487e-01
4.269467605287934943e-06,2.204531409629579827e-06,6.221410693745557108e-01
9.458344901326801266e-06,1.467200169140701011e-05,8.411355424472525266e-01
8.216260353669745640e-06,9.524024382681623010e-06,8.671304698545672096e-01
9.351763535047229230e-06,1.728426563917327523e-05,5.629107266427864076e-01
8.701547675093068457e-06,6.947017830003521356e-06,7.785515384494532398e-01
4.064367708908168994e-06,1.015209467334940132e-05,6.120691143868536299e-01
8.440664583604675950e-06,1.041874417572764845e-05,5.486638163018880965e-01
4.701461603950954101e-06,3.840098208726020043e-06,7.159787729537074874e-01
8.490981407948645240e-06,1.653144449170426168e-05,1.210038260523121911e+00
1.037732637704514179e-05,1.332414568761154621e-05,9.177395454942748332e-01
8.905576350029948428e-07,5.595697539508270722e-10,2.136152706895649012e-01
8.498436356024270015e-06,2.039008025401563832e-05,3.746611401446209300e-01
4.811402965413351932e-06,1.504297361037322685e-05,8.818866847834754275e-01
7.522121890962989158e-06,1.394972456548075271e-05,4.613950665358405034e-01
3.319976169311691005e-06,1.421149193612800423e-05,6.607760451433732918e-01
1.168069616843241572e-05,3.224409780103359091e-06,1.053704076632997616e-01
8.120579844069028907e-06,3.362857531403778722e-06,7.462361863013563523e-01
1.166605173200643811e-05,1.193093487278858583e-05,7.532437555724363909e-01
6.769052575476120328e-07,4.396785190788696777e-06,4.981343236566788124e-01
5.680740270344677458e-06,1.091297262004394889e-06,1.067826631525310876e+00
3.114411335856298984e-06,1.096510516913942656e-06,3.112564229610659816e-01
2.320152736035159390e-06,1.258524055372387970e-05,6.295711424366990938e-01
8.259122751418858946e-06,9.490208029276209404e-06,5.167365707310568324e-01
1.925615206975985383e-06,1.107494548392110129e-05,6.981158114887702215e-01
6.195518302867612375e-06,1.119589833949084865e-06,5.667702849665068321e-01
2.172133039278970323e-06,4.191613924653925877e-07,3.432635942341283886e-01
7.676821696068363877e-06,1.197349264259963918e-05,7.789901439657861415e-01
4.172198076324318599e-06,1.311124313393715261e-05,9.732255851873253816e-01
6.535070671242494870e-06,1.906015669401104223e-06,5.910257518598216464e-01
5.290209083699775208e-06,2.480306090707417841e-06,5.982011700786475927e-01
1.110789065355114217e-05,9.206719236792607042e-06,5.128937267773875375e-01
3.927778675893145998e-06,7.774250216147372806e-06,4.756437150152134086e-01
4.783316873978448540e-06,1.024248164291666571e-05,4.284699652544556869e-01
1.070455829655980184e-05,4.005652496102773135e-06,8.012769380955266918e-01
7.126915392117863194e-06,4.622771128483329180e-06,6.096781745202273228e-01
8.747559685151203940e-06,1.368225175578005707e-05,6.860003342662555070e-01
6.626039617366325437e-06,1.040306436434427345e-05,9.968622471725966383e-01
9.407199444956457327e-06,2.014751687764525353e-05,3.311836506399066793e-01
3.675615366656218929e-06,7.017100090911187458e-06,6.491143415578658482e-01
5.583558348817387953e-06,1.139137997798130504e-05,7.995991234324362207e-01
1.192684491581022627e-05,1.035966344811316071e-05,6.654664867739514822e-01
1.679401576620266944e-06,6.371558900155442933e-06,4.725523209472575759e-01
4.709969832223715431e-06,8.625378637586825637e-07,4.383317464795746243e-01
1.576262674165904287e-06,9.007613779377589566e-08,2.926299832678240787e-01
2.751214912349935047e-06,3.510014673000268118e-06,6.415604973997992566e-01
8.069282425583977614e-06,9.404911483066596893e-06,8.397908511600979953e-01
5.213719208274431007e-06,5.858070754225501638e-06,3.870396429415343675e-01
4.781643281203282691e-06,3.371435315726941375e-06,6.826462542487201635e-01
3.280495336745941149e-07,9.555738707804055935e-06,4.952943065561460911e-01
6.276873916065705856e-06,1.073196903415793016e-05,5.986847226148294121e-01
6.112669365967700925e-06,2.100734722101450428e-05,4.729398407499105783e-01
9.139171025394657132e-06,1.650306859394572702e-05,5.035783615076171449e-01
9.802817089789331398e-06,2.060704449101846526e-05,7.167025994193308991e-01
8.742713506420569467e-06,1.386605955658892119e-05,5.747630365009767095e-01
5.694109896451116769e-06,9.535698332063473592e-06,1.085965569528351660e+00
8.111056728370589502e-06,2.070872861378077545e-05,7.299077696688349715e-01
5.883319465897443109e-06,1.796645112104800886e-05,7.767576756347461808e-01
5.905366595658597215e-06,2.141719595465659627e-05,7.153959603943299550e-01
2.204214989650314265e-06,1.143695433394721511e-05,7.645416637877553434e-01
2.851965046732747890e-06,1.556573983126323250e-05,5.002524683363527291e-01
4.507970904312950923e-06,6.660434886853595256e-06,5.914790748746103777e-01
5.771672726172213340e-06,5.960351054715478822e-06,7.942366987535289802e-01
3.589484203179704900e-06,4.999469974093026113e-07,4.233281027421619824e-01
6.708855671104186822e-06,1.117929530500831031e-05,5.920916020913665756e-01
6.138487557386532729e-06,6.486181459392031857e-06,7.144190798474938653e-01
4.934614264025752571e-06,7.549378171161258765e-06,5.026649120534377735e-01
3.647230559170535677e-06,2.129121509276241443e-07,3.703585411283380480e-01
3.528696590468437917e-06,1.682776507905662342e-05,7.051084990948944808e-01
6.681211259623803294e-06,1.873905625432055602e-05,4.829128771856188718e-01
9.414371053261831379e-06,1.186909258664620270e-05,6.457317592540962048e-01
7.364380508331185834e-06,9.761860620230422141e-06,4.642061950885548183e-01
3.582471082032426464e-06,5.170568484350268151e-06,6.521634758907993712e-01
1.782105082016068071e-06,1.283303990407112674e-05,5.645100984711003411e-01
4.969142752471814785e-06,1.455864567848037667e-05,7.293908417963395063e-01
4.701411958752500648e-06,8.197240805133591232e-06,7.907321501674346997e-01
4.480293395703236378e-06,9.911019058468193175e-06,5.637166483070181755e-01
8.483052350996415133e-06,4.878347167538948481e-06,4.207441676724087420e-01
5.777744268809687090e-06,8.755271236101292546e-06,6.117565460814162748e-01
6.546205805390958950e-06,5.593936984685880945e-06,1.251956655568704502e+00
7.529704156999220549e-06,2.626853616834993224e-05,6.745633589519292039e-01
4.771472954361993835e-06,9.073409320859851261e-06,5.174064356887151384e-01
5.799466898456827004e-06,8.436250200261464034e-07,5.660692327210925523e-01
6.323537320750435996e-06,1.420409052984086479e-05,8.551985755541452461e-01
1.814891409744488647e-06,5.227303544936692292e-06,4.878163216110683043e-01
5.623562192385858132e-06,1.054545888761498290e-05,6.583626497970250790e-01
3.393931804454927827e-06,1.386593402729033618e-05,7.640972338335774161e-01
2.543886219116587726e-06,1.153164717803484830e-05,4.261080451932947044e-01
6.634794413367015507e-06,6.242844706292910704e-06,1.012937071041082771e+00
5.970378794868362497e-06,9.105539178861922863e-06,6.958826045440150709e-01
1.056031759976135252e-05,5.506430248625100946e-06,6.578284028422557439e-01
8.765197158446767282e-08,3.706728765225073243e-06,7.250436589101755258e-01
7.742262212143607774e-06,1.557874423757674376e-05,5.214416284983157679e-01
